Time,T 415,B2,B3,B4,B5,C2,C3,C4,C5,D2,D3,D4,D5,E2,E3,E4,E5,F2,F3,F4,F5,G2,G3,G4,G5
0:00:00,23,0.779,0.757,0.767,0.77,0.782,0.797,0.774,0.775,0.773,0.778,0.782,0.763,0.771,0.798,0.761,0.762,0.781,0.806,0.769,0.761,0.778,0.798,0.778,0.751
0:15:00,34.9,0.78,0.76,0.769,0.772,0.784,0.8,0.776,0.777,0.775,0.781,0.785,0.766,0.774,0.8,0.763,0.765,0.783,0.808,0.771,0.763,0.78,0.802,0.781,0.755
0:30:00,37,0.782,0.763,0.773,0.774,0.787,0.802,0.78,0.781,0.777,0.783,0.788,0.768,0.776,0.801,0.766,0.768,0.786,0.809,0.774,0.766,0.784,0.805,0.784,0.757
0:45:00,37,0.782,0.761,0.773,0.772,0.786,0.801,0.779,0.778,0.776,0.783,0.788,0.767,0.775,0.8,0.766,0.766,0.786,0.807,0.774,0.763,0.783,0.804,0.785,0.755
1:00:00,37,0.781,0.759,0.771,0.771,0.784,0.798,0.777,0.775,0.774,0.783,0.786,0.764,0.774,0.798,0.764,0.764,0.783,0.804,0.772,0.762,0.78,0.803,0.783,0.755
1:15:00,37,0.779,0.756,0.769,0.769,0.783,0.796,0.775,0.771,0.773,0.781,0.784,0.762,0.772,0.796,0.762,0.76,0.781,0.802,0.77,0.76,0.777,0.801,0.781,0.753
1:30:00,37,0.774,0.754,0.767,0.766,0.779,0.794,0.773,0.768,0.77,0.778,0.781,0.758,0.771,0.795,0.76,0.756,0.78,0.8,0.768,0.756,0.775,0.797,0.778,0.751
1:45:00,37,0.775,0.752,0.765,0.763,0.778,0.791,0.771,0.766,0.767,0.776,0.779,0.755,0.769,0.793,0.758,0.753,0.779,0.798,0.766,0.754,0.773,0.794,0.776,0.749
2:00:00,36.9,0.772,0.751,0.763,0.761,0.777,0.789,0.768,0.763,0.765,0.775,0.776,0.753,0.768,0.791,0.756,0.75,0.776,0.797,0.763,0.751,0.772,0.793,0.774,0.747
2:15:00,37,0.769,0.747,0.761,0.759,0.775,0.787,0.766,0.761,0.764,0.773,0.774,0.75,0.766,0.787,0.753,0.748,0.774,0.795,0.761,0.749,0.771,0.791,0.772,0.745
2:30:00,37,0.764,0.744,0.758,0.757,0.768,0.785,0.764,0.759,0.76,0.771,0.771,0.747,0.763,0.785,0.751,0.746,0.774,0.792,0.759,0.747,0.768,0.79,0.77,0.743
2:45:00,37,0.763,0.741,0.757,0.755,0.763,0.783,0.762,0.755,0.758,0.77,0.769,0.745,0.759,0.783,0.749,0.744,0.77,0.789,0.756,0.745,0.764,0.789,0.768,0.741
3:00:00,37,0.761,0.738,0.754,0.753,0.759,0.78,0.758,0.754,0.754,0.768,0.767,0.743,0.752,0.782,0.747,0.742,0.764,0.788,0.754,0.742,0.758,0.786,0.766,0.739
3:15:00,37,0.757,0.735,0.753,0.751,0.758,0.777,0.758,0.752,0.749,0.764,0.765,0.741,0.748,0.78,0.745,0.74,0.759,0.784,0.752,0.741,0.756,0.783,0.764,0.737
3:30:00,37,0.753,0.733,0.751,0.75,0.757,0.776,0.756,0.75,0.747,0.76,0.763,0.739,0.747,0.777,0.742,0.738,0.755,0.784,0.75,0.739,0.755,0.781,0.762,0.735
3:45:00,37,0.752,0.732,0.75,0.748,0.755,0.773,0.755,0.749,0.745,0.757,0.761,0.737,0.744,0.775,0.741,0.737,0.754,0.781,0.749,0.735,0.751,0.779,0.76,0.734
4:00:00,37,0.75,0.731,0.747,0.747,0.754,0.769,0.752,0.747,0.744,0.753,0.759,0.736,0.742,0.771,0.739,0.735,0.753,0.779,0.747,0.735,0.749,0.777,0.759,0.733
4:15:00,37,0.749,0.729,0.746,0.745,0.752,0.766,0.751,0.746,0.742,0.75,0.757,0.734,0.74,0.771,0.737,0.733,0.751,0.777,0.745,0.733,0.748,0.775,0.757,0.731
4:30:00,37,0.748,0.728,0.744,0.742,0.75,0.764,0.749,0.744,0.74,0.748,0.755,0.733,0.738,0.769,0.736,0.732,0.75,0.775,0.744,0.732,0.746,0.773,0.755,0.73
4:45:00,37,0.747,0.727,0.743,0.742,0.748,0.763,0.748,0.743,0.739,0.746,0.754,0.732,0.737,0.767,0.734,0.73,0.749,0.772,0.741,0.73,0.745,0.772,0.754,0.729
5:00:00,37,0.746,0.726,0.742,0.741,0.747,0.762,0.746,0.742,0.738,0.744,0.752,0.73,0.735,0.766,0.733,0.729,0.748,0.77,0.74,0.729,0.743,0.771,0.753,0.728
5:15:00,37,0.745,0.725,0.741,0.74,0.746,0.761,0.744,0.741,0.738,0.743,0.751,0.729,0.734,0.764,0.731,0.728,0.747,0.769,0.738,0.728,0.742,0.769,0.751,0.725
5:30:00,37,0.744,0.725,0.739,0.739,0.744,0.76,0.743,0.739,0.737,0.742,0.749,0.728,0.733,0.763,0.73,0.727,0.745,0.767,0.737,0.726,0.741,0.768,0.75,0.725
5:45:00,37,0.744,0.724,0.738,0.738,0.743,0.759,0.741,0.738,0.736,0.741,0.748,0.727,0.732,0.762,0.728,0.726,0.743,0.765,0.736,0.725,0.739,0.767,0.749,0.724
6:00:00,37,0.743,0.723,0.737,0.737,0.742,0.759,0.74,0.737,0.736,0.739,0.747,0.726,0.731,0.76,0.727,0.725,0.743,0.764,0.734,0.724,0.739,0.765,0.748,0.723
6:15:00,37,0.742,0.723,0.736,0.736,0.741,0.758,0.739,0.736,0.735,0.738,0.746,0.725,0.731,0.759,0.726,0.724,0.742,0.763,0.733,0.723,0.738,0.764,0.747,0.722
6:30:00,37,0.742,0.722,0.736,0.735,0.74,0.757,0.738,0.735,0.734,0.737,0.745,0.724,0.73,0.759,0.725,0.723,0.741,0.762,0.732,0.722,0.737,0.763,0.746,0.722
6:45:00,37,0.742,0.721,0.735,0.735,0.74,0.756,0.737,0.735,0.734,0.736,0.743,0.723,0.729,0.758,0.724,0.722,0.74,0.761,0.731,0.721,0.737,0.762,0.745,0.721
7:00:00,37,0.741,0.721,0.734,0.734,0.74,0.756,0.736,0.734,0.733,0.736,0.742,0.722,0.728,0.757,0.723,0.721,0.739,0.761,0.73,0.72,0.736,0.761,0.744,0.72
7:15:00,36.9,0.741,0.72,0.733,0.733,0.739,0.755,0.735,0.733,0.733,0.735,0.741,0.722,0.728,0.756,0.722,0.721,0.739,0.76,0.729,0.72,0.736,0.761,0.743,0.719
7:30:00,37,0.742,0.72,0.733,0.733,0.739,0.755,0.734,0.732,0.733,0.735,0.74,0.721,0.728,0.756,0.721,0.72,0.738,0.76,0.728,0.719,0.736,0.76,0.742,0.719
7:45:00,37,0.741,0.72,0.732,0.732,0.738,0.755,0.733,0.732,0.733,0.734,0.74,0.721,0.727,0.755,0.72,0.719,0.737,0.759,0.727,0.718,0.736,0.76,0.741,0.718
8:00:00,37,0.741,0.72,0.731,0.732,0.738,0.754,0.732,0.731,0.732,0.734,0.739,0.72,0.727,0.755,0.72,0.718,0.737,0.759,0.726,0.717,0.735,0.76,0.741,0.718
8:15:00,37,0.741,0.72,0.731,0.731,0.737,0.754,0.732,0.731,0.732,0.734,0.738,0.719,0.727,0.754,0.719,0.718,0.737,0.758,0.725,0.717,0.735,0.76,0.74,0.717
8:30:00,37,0.741,0.72,0.73,0.731,0.737,0.754,0.731,0.73,0.732,0.734,0.737,0.719,0.727,0.754,0.718,0.717,0.737,0.758,0.725,0.716,0.736,0.76,0.739,0.717
8:45:00,37,0.741,0.72,0.73,0.731,0.737,0.754,0.731,0.73,0.732,0.734,0.737,0.718,0.727,0.754,0.718,0.717,0.737,0.758,0.724,0.716,0.736,0.76,0.739,0.716
9:00:00,37,0.74,0.72,0.73,0.731,0.737,0.754,0.73,0.729,0.732,0.734,0.736,0.718,0.727,0.754,0.717,0.716,0.737,0.758,0.724,0.715,0.736,0.76,0.738,0.716
9:15:00,37,0.741,0.72,0.729,0.73,0.737,0.755,0.729,0.729,0.732,0.734,0.735,0.717,0.727,0.754,0.717,0.716,0.737,0.759,0.723,0.715,0.737,0.76,0.738,0.716
9:30:00,37,0.741,0.721,0.729,0.73,0.737,0.755,0.729,0.728,0.733,0.734,0.735,0.717,0.728,0.755,0.716,0.715,0.737,0.759,0.723,0.714,0.737,0.761,0.737,0.715
9:45:00,37,0.742,0.722,0.728,0.73,0.738,0.756,0.729,0.727,0.733,0.735,0.734,0.716,0.728,0.755,0.716,0.715,0.738,0.759,0.722,0.714,0.738,0.762,0.737,0.715
10:00:00,37,0.743,0.723,0.728,0.729,0.738,0.757,0.728,0.727,0.733,0.736,0.734,0.716,0.729,0.756,0.715,0.715,0.738,0.76,0.722,0.713,0.738,0.763,0.737,0.715
10:15:00,37,0.744,0.723,0.728,0.729,0.739,0.758,0.728,0.726,0.734,0.737,0.733,0.715,0.729,0.757,0.715,0.715,0.739,0.761,0.721,0.713,0.739,0.763,0.736,0.715
10:30:00,37,0.745,0.724,0.728,0.728,0.74,0.759,0.728,0.726,0.735,0.738,0.733,0.715,0.73,0.758,0.715,0.715,0.739,0.762,0.721,0.713,0.74,0.764,0.736,0.715
10:45:00,37,0.745,0.724,0.727,0.728,0.74,0.761,0.727,0.726,0.735,0.74,0.733,0.714,0.731,0.759,0.714,0.714,0.74,0.763,0.72,0.713,0.741,0.764,0.736,0.714
11:00:00,37,0.746,0.726,0.727,0.728,0.741,0.762,0.727,0.726,0.736,0.741,0.732,0.714,0.732,0.761,0.714,0.714,0.741,0.765,0.72,0.713,0.742,0.765,0.736,0.714
11:15:00,36.9,0.747,0.726,0.727,0.728,0.742,0.764,0.727,0.726,0.738,0.743,0.732,0.714,0.733,0.763,0.714,0.714,0.742,0.766,0.72,0.713,0.743,0.765,0.735,0.714
11:30:00,37,0.748,0.726,0.727,0.728,0.743,0.767,0.727,0.726,0.739,0.745,0.732,0.714,0.734,0.765,0.714,0.714,0.743,0.768,0.72,0.713,0.744,0.766,0.735,0.714
11:45:00,37,0.749,0.728,0.726,0.728,0.745,0.769,0.727,0.726,0.741,0.747,0.732,0.713,0.735,0.767,0.713,0.714,0.744,0.77,0.72,0.713,0.746,0.767,0.735,0.714
12:00:00,37,0.751,0.729,0.726,0.728,0.746,0.772,0.726,0.726,0.743,0.749,0.731,0.713,0.737,0.77,0.713,0.714,0.745,0.773,0.719,0.713,0.747,0.769,0.735,0.714
12:15:00,37,0.753,0.731,0.726,0.728,0.748,0.775,0.726,0.726,0.745,0.751,0.731,0.713,0.738,0.772,0.713,0.714,0.747,0.775,0.719,0.713,0.749,0.771,0.735,0.714
12:30:00,37,0.755,0.733,0.726,0.728,0.75,0.777,0.726,0.726,0.747,0.753,0.731,0.713,0.74,0.774,0.713,0.714,0.749,0.777,0.719,0.713,0.751,0.774,0.735,0.714
12:45:00,37,0.757,0.736,0.726,0.728,0.752,0.779,0.726,0.726,0.75,0.755,0.731,0.713,0.742,0.777,0.713,0.714,0.751,0.779,0.719,0.713,0.753,0.777,0.735,0.714
13:00:00,37,0.761,0.738,0.726,0.728,0.755,0.781,0.726,0.726,0.752,0.759,0.731,0.713,0.745,0.779,0.713,0.715,0.753,0.781,0.719,0.713,0.755,0.781,0.734,0.715
13:15:00,37,0.765,0.741,0.726,0.728,0.758,0.783,0.726,0.726,0.756,0.763,0.731,0.713,0.748,0.782,0.713,0.715,0.756,0.784,0.719,0.713,0.758,0.784,0.734,0.715
13:30:00,37,0.769,0.744,0.725,0.728,0.761,0.786,0.726,0.726,0.759,0.768,0.731,0.713,0.75,0.785,0.713,0.715,0.759,0.787,0.719,0.714,0.761,0.788,0.734,0.715
13:45:00,37,0.772,0.748,0.725,0.728,0.764,0.789,0.727,0.726,0.764,0.772,0.731,0.713,0.754,0.788,0.713,0.715,0.764,0.79,0.719,0.713,0.764,0.792,0.734,0.715
14:00:00,37,0.775,0.751,0.724,0.728,0.768,0.792,0.727,0.726,0.768,0.776,0.731,0.714,0.758,0.791,0.713,0.715,0.768,0.793,0.719,0.713,0.767,0.795,0.734,0.715
14:15:00,37,0.78,0.755,0.724,0.728,0.771,0.796,0.727,0.726,0.773,0.779,0.731,0.714,0.763,0.795,0.713,0.715,0.772,0.796,0.719,0.713,0.77,0.799,0.734,0.715
14:30:00,37,0.783,0.759,0.724,0.728,0.775,0.799,0.728,0.727,0.777,0.783,0.73,0.714,0.767,0.798,0.713,0.715,0.776,0.8,0.718,0.713,0.773,0.803,0.733,0.716
14:45:00,37,0.788,0.762,0.724,0.728,0.779,0.803,0.728,0.727,0.781,0.786,0.73,0.714,0.772,0.802,0.712,0.716,0.78,0.803,0.718,0.713,0.776,0.807,0.733,0.716
15:00:00,37,0.792,0.767,0.724,0.728,0.783,0.807,0.728,0.727,0.785,0.79,0.73,0.714,0.776,0.807,0.712,0.716,0.783,0.808,0.717,0.713,0.78,0.812,0.733,0.716
15:15:00,37,0.797,0.771,0.723,0.728,0.788,0.812,0.729,0.727,0.788,0.794,0.73,0.714,0.78,0.811,0.712,0.716,0.788,0.812,0.717,0.713,0.784,0.816,0.733,0.716
15:30:00,37,0.8,0.776,0.723,0.728,0.792,0.816,0.729,0.727,0.793,0.798,0.73,0.713,0.785,0.816,0.712,0.716,0.793,0.816,0.717,0.713,0.788,0.82,0.733,0.717
15:45:00,37,0.805,0.781,0.723,0.728,0.797,0.82,0.73,0.727,0.796,0.802,0.73,0.713,0.789,0.82,0.712,0.716,0.797,0.822,0.717,0.713,0.794,0.822,0.733,0.717
16:00:00,37,0.813,0.786,0.723,0.729,0.802,0.825,0.73,0.727,0.801,0.806,0.73,0.713,0.795,0.825,0.712,0.717,0.803,0.826,0.717,0.714,0.8,0.832,0.733,0.717
16:15:00,37,0.819,0.792,0.723,0.729,0.809,0.829,0.73,0.727,0.806,0.811,0.73,0.713,0.801,0.831,0.712,0.717,0.808,0.831,0.717,0.714,0.805,0.84,0.733,0.717
16:30:00,37,0.823,0.798,0.723,0.729,0.816,0.834,0.73,0.727,0.812,0.816,0.731,0.713,0.808,0.836,0.712,0.717,0.815,0.836,0.717,0.714,0.812,0.845,0.733,0.717
16:45:00,37,0.827,0.805,0.724,0.729,0.823,0.838,0.73,0.727,0.819,0.822,0.731,0.713,0.815,0.841,0.712,0.716,0.822,0.843,0.717,0.714,0.819,0.853,0.733,0.718
17:00:00,37,0.836,0.812,0.724,0.729,0.831,0.845,0.73,0.727,0.827,0.828,0.731,0.713,0.823,0.847,0.712,0.716,0.829,0.85,0.717,0.714,0.826,0.858,0.733,0.718
17:15:00,36.9,0.843,0.818,0.724,0.729,0.838,0.848,0.729,0.727,0.834,0.835,0.731,0.713,0.83,0.856,0.712,0.716,0.838,0.856,0.717,0.714,0.831,0.864,0.733,0.718
17:30:00,36.9,0.849,0.823,0.724,0.729,0.845,0.853,0.729,0.727,0.84,0.842,0.731,0.713,0.835,0.865,0.712,0.716,0.845,0.862,0.717,0.714,0.836,0.868,0.733,0.718
17:45:00,36.9,0.857,0.831,0.724,0.729,0.852,0.858,0.728,0.727,0.846,0.849,0.731,0.713,0.842,0.87,0.712,0.716,0.849,0.872,0.717,0.714,0.843,0.871,0.733,0.718
18:00:00,37,0.864,0.84,0.724,0.729,0.86,0.866,0.728,0.728,0.851,0.855,0.731,0.713,0.849,0.878,0.712,0.716,0.853,0.873,0.717,0.714,0.851,0.877,0.733,0.719
18:15:00,37,0.872,0.847,0.724,0.729,0.867,0.873,0.727,0.727,0.856,0.862,0.731,0.713,0.856,0.886,0.712,0.716,0.86,0.879,0.717,0.714,0.859,0.885,0.733,0.719
18:30:00,37,0.879,0.856,0.724,0.729,0.875,0.881,0.727,0.727,0.862,0.866,0.731,0.713,0.864,0.891,0.712,0.716,0.868,0.884,0.717,0.714,0.864,0.891,0.734,0.719
18:45:00,37,0.887,0.864,0.724,0.729,0.883,0.889,0.726,0.727,0.869,0.87,0.731,0.713,0.872,0.896,0.712,0.717,0.876,0.894,0.717,0.714,0.872,0.904,0.733,0.719
19:00:00,37,0.894,0.868,0.724,0.729,0.892,0.896,0.726,0.727,0.875,0.876,0.731,0.713,0.879,0.901,0.712,0.716,0.883,0.9,0.717,0.714,0.878,0.916,0.734,0.719
19:15:00,37,0.903,0.877,0.723,0.729,0.901,0.893,0.726,0.727,0.883,0.885,0.731,0.713,0.888,0.913,0.712,0.717,0.89,0.907,0.717,0.714,0.889,0.92,0.734,0.719
19:30:00,37,0.912,0.887,0.723,0.729,0.906,0.904,0.726,0.727,0.891,0.896,0.731,0.713,0.897,0.919,0.712,0.717,0.896,0.918,0.717,0.713,0.898,0.927,0.733,0.72
19:45:00,37,0.922,0.896,0.723,0.729,0.915,0.913,0.726,0.727,0.898,0.903,0.731,0.714,0.904,0.928,0.712,0.717,0.908,0.926,0.717,0.714,0.909,0.934,0.734,0.72
20:00:00,37,0.931,0.904,0.723,0.729,0.925,0.918,0.726,0.727,0.906,0.91,0.731,0.714,0.914,0.932,0.712,0.717,0.917,0.926,0.717,0.714,0.918,0.936,0.734,0.72
20:15:00,37.1,0.943,0.911,0.723,0.729,0.934,0.931,0.726,0.727,0.913,0.918,0.731,0.714,0.926,0.938,0.712,0.717,0.925,0.937,0.717,0.713,0.927,0.947,0.734,0.72
20:30:00,37,0.952,0.912,0.723,0.728,0.941,0.935,0.727,0.727,0.924,0.922,0.731,0.714,0.937,0.944,0.712,0.717,0.937,0.95,0.717,0.712,0.937,0.957,0.734,0.721
20:45:00,37,0.964,0.922,0.723,0.728,0.947,0.945,0.727,0.727,0.935,0.932,0.731,0.714,0.944,0.96,0.712,0.717,0.947,0.956,0.717,0.712,0.946,0.974,0.734,0.721
21:00:00,37,0.973,0.941,0.723,0.728,0.958,0.955,0.727,0.727,0.942,0.946,0.731,0.714,0.959,0.966,0.712,0.717,0.951,0.969,0.717,0.712,0.964,0.979,0.734,0.721
21:15:00,37,0.987,0.959,0.723,0.728,0.965,0.966,0.727,0.727,0.953,0.953,0.731,0.714,0.969,0.975,0.712,0.717,0.967,0.979,0.717,0.712,0.977,0.986,0.734,0.721
21:30:00,37,0.999,0.966,0.723,0.727,0.976,0.979,0.727,0.727,0.96,0.964,0.731,0.714,0.98,0.991,0.712,0.717,0.97,0.993,0.717,0.712,0.984,1.002,0.734,0.721
21:45:00,37,1.009,0.976,0.724,0.727,0.99,0.988,0.728,0.727,0.965,0.971,0.731,0.714,0.998,1.001,0.712,0.717,0.986,1.003,0.718,0.712,1.001,1.013,0.734,0.722
22:00:00,37,1.024,0.985,0.723,0.727,1,1,0.728,0.727,0.976,0.986,0.731,0.713,0.99,1.01,0.712,0.717,0.997,1.013,0.717,0.712,1.012,1.031,0.734,0.722
22:15:00,37,1.033,0.989,0.724,0.727,1.011,1.01,0.728,0.727,0.985,0.99,0.731,0.713,1.006,1.026,0.712,0.717,1.006,1.025,0.718,0.712,1.021,1.048,0.734,0.721
22:30:00,36.9,1.047,1.001,0.724,0.727,1.018,1.024,0.728,0.728,1,0.996,0.731,0.714,1.017,1.027,0.712,0.717,1.018,1.031,0.718,0.712,1.03,1.048,0.734,0.721
22:45:00,36.9,1.059,1.014,0.724,0.727,1.031,1.032,0.729,0.728,1.014,1.011,0.732,0.714,1.026,1.035,0.712,0.716,1.028,1.042,0.718,0.712,1.044,1.063,0.735,0.721
23:00:00,37,1.066,1.024,0.724,0.727,1.041,1.046,0.729,0.728,1.02,1.017,0.732,0.714,1.041,1.051,0.712,0.717,1.041,1.051,0.718,0.712,1.06,1.079,0.735,0.722
23:15:00,37,1.075,1.033,0.724,0.727,1.054,1.056,0.729,0.728,1.031,1.031,0.732,0.714,1.055,1.068,0.712,0.717,1.049,1.07,0.718,0.712,1.071,1.094,0.735,0.722
23:30:00,37,1.089,1.043,0.724,0.727,1.069,1.066,0.729,0.728,1.045,1.045,0.732,0.714,1.067,1.082,0.712,0.717,1.063,1.084,0.718,0.712,1.087,1.11,0.735,0.721
23:45:00,37,1.099,1.054,0.724,0.727,1.076,1.078,0.73,0.728,1.06,1.059,0.732,0.714,1.078,1.088,0.712,0.717,1.084,1.095,0.718,0.713,1.097,1.119,0.735,0.722
24:00:00,37,1.112,1.07,0.724,0.727,1.089,1.091,0.73,0.728,1.07,1.067,0.732,0.714,1.088,1.102,0.712,0.717,1.092,1.107,0.718,0.713,1.106,1.123,0.735,0.722
24:15:00,37,1.121,1.082,0.725,0.727,1.099,1.105,0.73,0.728,1.083,1.079,0.732,0.714,1.104,1.119,0.712,0.717,1.101,1.121,0.718,0.713,1.116,1.133,0.735,0.722
24:30:00,37,1.136,1.092,0.725,0.728,1.109,1.119,0.73,0.728,1.098,1.091,0.732,0.714,1.116,1.135,0.712,0.717,1.112,1.132,0.719,0.713,1.131,1.153,0.735,0.722
24:45:00,37,1.149,1.103,0.725,0.728,1.116,1.13,0.731,0.728,1.112,1.105,0.733,0.714,1.122,1.148,0.713,0.717,1.117,1.141,0.719,0.713,1.14,1.164,0.735,0.722
25:00:00,37,1.147,1.114,0.725,0.728,1.125,1.141,0.731,0.729,1.119,1.116,0.733,0.714,1.137,1.16,0.713,0.717,1.134,1.156,0.719,0.713,1.152,1.176,0.735,0.722
25:15:00,37,1.157,1.121,0.725,0.728,1.138,1.155,0.731,0.729,1.133,1.127,0.733,0.714,1.147,1.173,0.713,0.717,1.139,1.171,0.719,0.713,1.164,1.188,0.736,0.722
25:30:00,37,1.169,1.134,0.725,0.728,1.148,1.168,0.731,0.729,1.144,1.141,0.733,0.715,1.156,1.187,0.713,0.717,1.151,1.184,0.72,0.714,1.171,1.204,0.736,0.722
25:45:00,37,1.175,1.145,0.725,0.728,1.15,1.183,0.732,0.729,1.153,1.151,0.733,0.715,1.165,1.201,0.713,0.717,1.159,1.2,0.72,0.714,1.185,1.206,0.736,0.722
26:00:00,37,1.187,1.157,0.726,0.728,1.161,1.195,0.732,0.729,1.163,1.163,0.733,0.715,1.177,1.21,0.714,0.717,1.167,1.21,0.72,0.714,1.194,1.223,0.736,0.722
26:15:00,37,1.192,1.171,0.726,0.728,1.177,1.21,0.732,0.729,1.175,1.179,0.734,0.715,1.185,1.222,0.714,0.717,1.176,1.222,0.72,0.714,1.207,1.234,0.736,0.722
26:30:00,37.1,1.197,1.184,0.726,0.728,1.183,1.222,0.731,0.73,1.186,1.186,0.734,0.715,1.194,1.234,0.714,0.716,1.184,1.233,0.72,0.713,1.217,1.247,0.736,0.722
26:45:00,37,1.209,1.192,0.726,0.728,1.191,1.235,0.731,0.73,1.197,1.198,0.734,0.716,1.204,1.246,0.714,0.716,1.197,1.249,0.721,0.714,1.224,1.255,0.737,0.722
27:00:00,37,1.216,1.199,0.726,0.728,1.201,1.247,0.731,0.73,1.21,1.209,0.734,0.716,1.216,1.26,0.714,0.716,1.203,1.265,0.721,0.714,1.235,1.265,0.737,0.722
27:15:00,37,1.223,1.211,0.727,0.729,1.215,1.261,0.731,0.73,1.221,1.219,0.735,0.716,1.224,1.271,0.715,0.716,1.21,1.275,0.721,0.715,1.242,1.279,0.737,0.722
27:30:00,37,1.237,1.226,0.727,0.729,1.224,1.277,0.731,0.73,1.234,1.233,0.735,0.716,1.235,1.282,0.715,0.716,1.222,1.286,0.721,0.714,1.252,1.297,0.737,0.723
27:45:00,37,1.242,1.24,0.727,0.729,1.234,1.291,0.731,0.73,1.239,1.245,0.735,0.716,1.244,1.29,0.715,0.717,1.227,1.299,0.722,0.715,1.258,1.308,0.737,0.723
28:00:00,37,1.252,1.25,0.727,0.729,1.246,1.303,0.731,0.73,1.25,1.254,0.735,0.717,1.253,1.301,0.715,0.717,1.235,1.309,0.722,0.715,1.266,1.319,0.738,0.723
28:15:00,37,1.256,1.259,0.727,0.729,1.254,1.311,0.731,0.731,1.259,1.267,0.736,0.717,1.261,1.313,0.715,0.717,1.244,1.321,0.722,0.715,1.269,1.326,0.738,0.723
28:30:00,37,1.27,1.272,0.727,0.729,1.262,1.321,0.731,0.731,1.271,1.278,0.736,0.717,1.267,1.325,0.716,0.717,1.254,1.328,0.722,0.715,1.279,1.327,0.738,0.723
28:45:00,37,1.275,1.283,0.728,0.729,1.268,1.331,0.731,0.731,1.277,1.285,0.736,0.717,1.275,1.336,0.716,0.717,1.263,1.339,0.722,0.716,1.283,1.33,0.738,0.723
29:00:00,37,1.279,1.294,0.728,0.729,1.278,1.341,0.731,0.731,1.289,1.297,0.736,0.717,1.283,1.345,0.716,0.717,1.27,1.35,0.723,0.716,1.287,1.337,0.738,0.723
29:15:00,37,1.289,1.297,0.728,0.73,1.286,1.353,0.731,0.731,1.3,1.302,0.737,0.717,1.288,1.353,0.716,0.717,1.276,1.361,0.723,0.716,1.291,1.34,0.739,0.723
29:30:00,37,1.293,1.298,0.728,0.73,1.296,1.364,0.731,0.732,1.304,1.313,0.737,0.717,1.294,1.36,0.717,0.718,1.283,1.373,0.723,0.716,1.294,1.345,0.739,0.723
29:45:00,37.1,1.297,1.299,0.728,0.73,1.312,1.373,0.731,0.732,1.305,1.322,0.737,0.718,1.298,1.37,0.717,0.718,1.292,1.382,0.723,0.716,1.295,1.345,0.739,0.724
30:00:00,37,1.303,1.304,0.728,0.73,1.315,1.381,0.731,0.732,1.315,1.321,0.737,0.718,1.304,1.381,0.717,0.718,1.291,1.388,0.724,0.716,1.303,1.35,0.739,0.724
30:15:00,37,1.301,1.304,0.728,0.73,1.321,1.388,0.731,0.732,1.319,1.329,0.738,0.718,1.307,1.391,0.717,0.718,1.295,1.405,0.724,0.716,1.3,1.357,0.739,0.724
30:30:00,37,1.305,1.317,0.729,0.73,1.325,1.398,0.732,0.732,1.325,1.329,0.738,0.718,1.313,1.402,0.718,0.718,1.304,1.416,0.724,0.717,1.299,1.36,0.739,0.724
30:45:00,37,1.305,1.321,0.729,0.73,1.327,1.406,0.732,0.732,1.332,1.339,0.738,0.718,1.321,1.412,0.718,0.718,1.296,1.42,0.724,0.717,1.301,1.365,0.74,0.724
31:00:00,37,1.307,1.329,0.729,0.731,1.339,1.41,0.732,0.733,1.331,1.343,0.738,0.718,1.319,1.418,0.718,0.719,1.318,1.434,0.724,0.717,1.3,1.369,0.74,0.724
31:15:00,37,1.309,1.337,0.729,0.731,1.339,1.419,0.733,0.733,1.336,1.35,0.739,0.719,1.327,1.43,0.718,0.719,1.325,1.448,0.725,0.717,1.303,1.379,0.74,0.724
31:30:00,37,1.312,1.345,0.729,0.731,1.343,1.424,0.733,0.733,1.336,1.363,0.739,0.719,1.32,1.44,0.719,0.719,1.33,1.448,0.725,0.717,1.303,1.375,0.74,0.724
31:45:00,37,1.319,1.349,0.729,0.731,1.349,1.431,0.733,0.733,1.343,1.36,0.739,0.719,1.335,1.446,0.719,0.719,1.332,1.448,0.725,0.717,1.312,1.386,0.74,0.724
32:00:00,37,1.328,1.334,0.73,0.731,1.351,1.439,0.734,0.733,1.351,1.356,0.739,0.719,1.337,1.464,0.719,0.719,1.329,1.457,0.725,0.717,1.311,1.387,0.74,0.725
32:15:00,37,1.327,1.339,0.73,0.731,1.342,1.448,0.734,0.733,1.352,1.365,0.74,0.719,1.33,1.466,0.719,0.719,1.321,1.469,0.725,0.718,1.316,1.392,0.74,0.725
32:30:00,37,1.341,1.34,0.73,0.731,1.358,1.45,0.734,0.733,1.345,1.362,0.74,0.719,1.342,1.475,0.72,0.719,1.319,1.471,0.726,0.718,1.322,1.392,0.741,0.725
32:45:00,37,1.344,1.351,0.73,0.731,1.348,1.455,0.735,0.733,1.352,1.373,0.74,0.719,1.349,1.473,0.72,0.72,1.324,1.472,0.726,0.718,1.325,1.397,0.741,0.725
33:00:00,37,1.344,1.359,0.73,0.732,1.358,1.462,0.735,0.734,1.357,1.374,0.74,0.719,1.343,1.482,0.72,0.72,1.336,1.47,0.726,0.718,1.329,1.399,0.741,0.725
33:15:00,37,1.35,1.363,0.731,0.732,1.366,1.469,0.735,0.734,1.346,1.382,0.741,0.72,1.351,1.488,0.72,0.72,1.342,1.478,0.726,0.718,1.333,1.41,0.741,0.725
33:30:00,37,1.35,1.37,0.731,0.732,1.364,1.47,0.736,0.734,1.361,1.393,0.741,0.72,1.34,1.476,0.721,0.72,1.342,1.488,0.726,0.718,1.332,1.421,0.741,0.725
33:45:00,37,1.356,1.36,0.731,0.732,1.358,1.478,0.736,0.734,1.361,1.401,0.741,0.72,1.349,1.464,0.721,0.72,1.353,1.488,0.727,0.718,1.336,1.421,0.742,0.725
34:00:00,37,1.362,1.362,0.731,0.732,1.356,1.479,0.737,0.734,1.361,1.393,0.741,0.72,1.351,1.466,0.721,0.72,1.355,1.491,0.727,0.718,1.347,1.424,0.742,0.725
34:15:00,37,1.343,1.365,0.731,0.732,1.357,1.485,0.737,0.734,1.361,1.383,0.741,0.72,1.36,1.466,0.721,0.721,1.361,1.48,0.727,0.719,1.336,1.431,0.742,0.726
34:30:00,37,1.351,1.364,0.731,0.732,1.356,1.477,0.737,0.735,1.355,1.379,0.742,0.72,1.353,1.451,0.721,0.721,1.36,1.491,0.727,0.718,1.345,1.433,0.742,0.726
34:45:00,37,1.353,1.369,0.732,0.732,1.366,1.471,0.738,0.735,1.353,1.382,0.742,0.721,1.36,1.458,0.722,0.721,1.364,1.491,0.727,0.719,1.334,1.435,0.742,0.726
35:00:00,37,1.346,1.376,0.732,0.733,1.361,1.477,0.738,0.735,1.374,1.388,0.742,0.721,1.361,1.454,0.722,0.721,1.359,1.49,0.727,0.719,1.339,1.435,0.742,0.726
35:15:00,37,1.342,1.368,0.732,0.733,1.372,1.473,0.739,0.735,1.379,1.408,0.742,0.721,1.355,1.442,0.722,0.721,1.353,1.492,0.728,0.719,1.356,1.439,0.743,0.726
35:30:00,37,1.331,1.367,0.732,0.733,1.357,1.483,0.739,0.735,1.386,1.432,0.742,0.721,1.367,1.441,0.722,0.721,1.348,1.475,0.728,0.719,1.333,1.421,0.743,0.726
35:45:00,37,1.336,1.362,0.732,0.733,1.363,1.473,0.74,0.735,1.367,1.405,0.743,0.721,1.361,1.449,0.722,0.721,1.336,1.477,0.728,0.719,1.337,1.416,0.743,0.726
36:00:00,37,1.328,1.355,0.732,0.733,1.367,1.463,0.74,0.736,1.362,1.381,0.743,0.721,1.353,1.448,0.723,0.721,1.33,1.486,0.729,0.719,1.329,1.403,0.743,0.726
36:15:00,37,1.337,1.347,0.733,0.733,1.359,1.464,0.741,0.736,1.37,1.404,0.743,0.722,1.351,1.463,0.723,0.722,1.326,1.474,0.729,0.72,1.326,1.411,0.744,0.726
36:30:00,37,1.328,1.35,0.733,0.733,1.356,1.455,0.741,0.736,1.363,1.416,0.743,0.722,1.342,1.494,0.723,0.722,1.336,1.473,0.729,0.72,1.3,1.404,0.744,0.727
36:45:00,37,1.325,1.346,0.733,0.733,1.341,1.448,0.741,0.736,1.356,1.445,0.744,0.722,1.331,1.444,0.723,0.722,1.347,1.467,0.729,0.72,1.307,1.374,0.744,0.727
37:00:00,37,1.319,1.335,0.733,0.734,1.334,1.446,0.741,0.736,1.355,1.415,0.744,0.722,1.314,1.436,0.724,0.722,1.345,1.462,0.729,0.72,1.292,1.417,0.744,0.727
37:15:00,37,1.301,1.352,0.733,0.734,1.326,1.444,0.741,0.736,1.358,1.429,0.744,0.722,1.316,1.466,0.724,0.722,1.341,1.459,0.729,0.72,1.285,1.412,0.744,0.727
37:30:00,37,1.313,1.394,0.733,0.734,1.309,1.448,0.741,0.736,1.347,1.417,0.744,0.722,1.339,1.499,0.724,0.722,1.325,1.5,0.73,0.72,1.28,1.405,0.744,0.727
37:45:00,37,1.302,1.322,0.734,0.734,1.309,1.442,0.741,0.736,1.351,1.433,0.744,0.722,1.35,1.466,0.724,0.722,1.327,1.473,0.73,0.72,1.283,1.395,0.744,0.727
38:00:00,37,1.294,1.343,0.734,0.734,1.313,1.441,0.741,0.737,1.334,1.417,0.745,0.723,1.336,1.475,0.724,0.723,1.321,1.498,0.73,0.721,1.275,1.407,0.745,0.727
38:15:00,37,1.278,1.346,0.734,0.734,1.303,1.456,0.741,0.737,1.327,1.42,0.745,0.723,1.32,1.482,0.725,0.723,1.341,1.48,0.73,0.721,1.261,1.387,0.745,0.727
38:30:00,37,1.284,1.319,0.734,0.734,1.3,1.446,0.741,0.737,1.319,1.413,0.745,0.723,1.346,1.464,0.725,0.723,1.309,1.453,0.73,0.721,1.26,1.375,0.745,0.727
38:45:00,37,1.274,1.323,0.734,0.734,1.3,1.404,0.741,0.737,1.307,1.414,0.745,0.723,1.34,1.479,0.725,0.723,1.35,1.512,0.731,0.721,1.257,1.387,0.745,0.728
39:00:00,37,1.27,1.331,0.734,0.734,1.285,1.426,0.741,0.737,1.302,1.408,0.745,0.723,1.329,1.466,0.725,0.723,1.321,1.46,0.731,0.721,1.252,1.406,0.745,0.728
39:15:00,37,1.267,1.315,0.735,0.735,1.283,1.444,0.741,0.737,1.308,1.403,0.746,0.723,1.321,1.468,0.725,0.723,1.324,1.477,0.731,0.721,1.253,1.398,0.745,0.728
39:30:00,37,1.263,1.321,0.735,0.735,1.271,1.471,0.742,0.737,1.301,1.397,0.746,0.723,1.351,1.458,0.726,0.723,1.332,1.475,0.731,0.721,1.248,1.392,0.745,0.728
39:45:00,37,1.258,1.318,0.735,0.735,1.266,1.421,0.742,0.738,1.294,1.397,0.746,0.724,1.314,1.461,0.726,0.724,1.329,1.472,0.731,0.722,1.247,1.389,0.746,0.728
40:00:00,37,1.254,1.316,0.735,0.735,1.251,1.411,0.742,0.738,1.284,1.391,0.746,0.724,1.335,1.454,0.726,0.724,1.332,1.472,0.731,0.722,1.237,1.386,0.746,0.728
40:15:00,36.9,1.248,1.309,0.735,0.735,1.249,1.424,0.743,0.738,1.272,1.388,0.747,0.724,1.323,1.449,0.726,0.724,1.313,1.463,0.732,0.722,1.229,1.381,0.746,0.728
40:30:00,37,1.246,1.304,0.735,0.735,1.244,1.41,0.743,0.738,1.263,1.379,0.747,0.724,1.32,1.449,0.726,0.724,1.313,1.465,0.732,0.722,1.23,1.373,0.746,0.728
40:45:00,37,1.24,1.303,0.735,0.735,1.251,1.407,0.744,0.738,1.265,1.374,0.747,0.724,1.317,1.444,0.726,0.724,1.304,1.46,0.732,0.722,1.224,1.383,0.746,0.728
41:00:00,37,1.236,1.298,0.736,0.735,1.241,1.415,0.744,0.739,1.244,1.36,0.747,0.724,1.304,1.441,0.727,0.724,1.295,1.456,0.732,0.722,1.221,1.369,0.746,0.729
41:15:00,37,1.237,1.299,0.736,0.735,1.236,1.421,0.744,0.739,1.253,1.37,0.747,0.725,1.305,1.436,0.727,0.725,1.293,1.453,0.733,0.722,1.217,1.362,0.747,0.729
41:30:00,37,1.234,1.296,0.736,0.735,1.233,1.412,0.744,0.739,1.248,1.391,0.747,0.725,1.308,1.431,0.727,0.725,1.29,1.454,0.733,0.722,1.219,1.363,0.747,0.729
41:45:00,37,1.234,1.295,0.736,0.736,1.232,1.42,0.745,0.739,1.242,1.399,0.748,0.725,1.302,1.424,0.727,0.725,1.283,1.449,0.733,0.723,1.211,1.354,0.747,0.729
42:00:00,37,1.229,1.289,0.736,0.736,1.227,1.399,0.745,0.739,1.238,1.401,0.748,0.725,1.301,1.418,0.727,0.725,1.284,1.451,0.733,0.723,1.21,1.347,0.747,0.729
42:15:00,37,1.225,1.287,0.736,0.736,1.228,1.416,0.745,0.739,1.235,1.401,0.748,0.725,1.298,1.411,0.728,0.725,1.282,1.449,0.733,0.723,1.213,1.338,0.747,0.729
42:30:00,36.9,1.224,1.286,0.737,0.736,1.226,1.408,0.745,0.739,1.227,1.402,0.748,0.725,1.296,1.415,0.728,0.725,1.281,1.446,0.733,0.723,1.212,1.328,0.748,0.729
42:45:00,37,1.222,1.282,0.737,0.736,1.213,1.398,0.745,0.739,1.223,1.401,0.748,0.725,1.296,1.408,0.728,0.725,1.288,1.449,0.734,0.723,1.209,1.336,0.748,0.729
43:00:00,37,1.22,1.281,0.737,0.736,1.221,1.39,0.746,0.74,1.221,1.39,0.749,0.726,1.296,1.408,0.728,0.726,1.285,1.448,0.734,0.723,1.206,1.34,0.748,0.73
43:15:00,37,1.217,1.278,0.737,0.736,1.221,1.402,0.745,0.74,1.218,1.391,0.749,0.726,1.296,1.409,0.728,0.726,1.284,1.449,0.734,0.724,1.205,1.345,0.748,0.73
43:30:00,37,1.219,1.278,0.737,0.737,1.215,1.387,0.745,0.74,1.214,1.391,0.749,0.726,1.296,1.408,0.729,0.726,1.284,1.448,0.734,0.724,1.202,1.351,0.748,0.73
43:45:00,37,1.217,1.278,0.737,0.737,1.214,1.402,0.745,0.74,1.213,1.386,0.749,0.726,1.295,1.408,0.729,0.726,1.281,1.445,0.734,0.724,1.201,1.353,0.748,0.73
44:00:00,37,1.217,1.275,0.738,0.737,1.21,1.404,0.745,0.74,1.217,1.388,0.749,0.726,1.299,1.406,0.729,0.726,1.28,1.447,0.735,0.724,1.207,1.354,0.748,0.73
44:15:00,37,1.219,1.276,0.738,0.737,1.211,1.396,0.745,0.74,1.213,1.39,0.75,0.726,1.299,1.409,0.729,0.726,1.284,1.444,0.735,0.724,1.207,1.357,0.749,0.73
44:30:00,37,1.218,1.276,0.738,0.737,1.212,1.397,0.745,0.74,1.214,1.389,0.75,0.726,1.298,1.41,0.729,0.726,1.288,1.437,0.735,0.724,1.202,1.359,0.749,0.73
44:45:00,37,1.219,1.281,0.738,0.737,1.211,1.389,0.745,0.741,1.219,1.39,0.75,0.727,1.302,1.411,0.73,0.727,1.29,1.433,0.735,0.724,1.206,1.361,0.749,0.73
45:00:00,37,1.218,1.282,0.738,0.737,1.211,1.401,0.745,0.741,1.219,1.389,0.75,0.727,1.303,1.414,0.73,0.727,1.291,1.444,0.735,0.724,1.21,1.365,0.749,0.73
45:15:00,37,1.211,1.283,0.739,0.737,1.209,1.395,0.745,0.741,1.222,1.39,0.75,0.727,1.311,1.415,0.73,0.727,1.293,1.447,0.735,0.724,1.206,1.367,0.749,0.731
45:30:00,37,1.219,1.279,0.739,0.737,1.209,1.402,0.745,0.741,1.224,1.389,0.751,0.727,1.302,1.415,0.73,0.727,1.292,1.453,0.736,0.725,1.203,1.37,0.749,0.731
45:45:00,37,1.215,1.293,0.739,0.738,1.209,1.399,0.745,0.741,1.228,1.39,0.751,0.727,1.317,1.419,0.73,0.727,1.296,1.455,0.736,0.725,1.202,1.37,0.75,0.731
46:00:00,37,1.216,1.286,0.739,0.738,1.209,1.399,0.745,0.741,1.231,1.391,0.751,0.727,1.327,1.421,0.73,0.727,1.294,1.454,0.736,0.725,1.204,1.37,0.75,0.731
46:15:00,37,1.216,1.289,0.739,0.738,1.21,1.4,0.745,0.742,1.233,1.391,0.751,0.728,1.329,1.42,0.731,0.727,1.295,1.449,0.736,0.725,1.206,1.369,0.75,0.731
46:30:00,37,1.216,1.297,0.739,0.738,1.212,1.401,0.746,0.742,1.234,1.393,0.751,0.728,1.33,1.424,0.731,0.728,1.297,1.445,0.736,0.725,1.207,1.37,0.75,0.731
46:45:00,37,1.214,1.297,0.74,0.738,1.213,1.405,0.746,0.742,1.236,1.392,0.752,0.728,1.333,1.423,0.731,0.728,1.301,1.45,0.737,0.725,1.22,1.366,0.75,0.731
47:00:00,37,1.209,1.296,0.74,0.738,1.21,1.407,0.746,0.742,1.239,1.395,0.752,0.728,1.336,1.425,0.731,0.728,1.303,1.449,0.737,0.725,1.217,1.366,0.75,0.732
47:15:00,37,1.211,1.3,0.74,0.738,1.211,1.412,0.746,0.742,1.241,1.395,0.752,0.728,1.337,1.427,0.731,0.728,1.297,1.451,0.737,0.725,1.218,1.368,0.75,0.732
47:30:00,37,1.217,1.304,0.74,0.738,1.212,1.414,0.747,0.742,1.244,1.398,0.752,0.728,1.34,1.428,0.732,0.728,1.291,1.455,0.737,0.725,1.22,1.365,0.751,0.732
47:45:00,37,1.219,1.302,0.74,0.739,1.214,1.417,0.747,0.742,1.242,1.398,0.752,0.728,1.342,1.431,0.732,0.728,1.293,1.454,0.737,0.726,1.225,1.363,0.751,0.732
48:00:00,37,1.221,1.3,0.74,0.739,1.216,1.42,0.747,0.743,1.244,1.399,0.753,0.728,1.343,1.432,0.732,0.728,1.308,1.458,0.737,0.726,1.228,1.362,0.751,0.732
48:15:00,37,1.22,1.302,0.74,0.739,1.218,1.428,0.748,0.743,1.241,1.401,0.753,0.729,1.345,1.432,0.732,0.729,1.302,1.455,0.738,0.726,1.224,1.358,0.751,0.732
48:30:00,37,1.22,1.307,0.741,0.739,1.218,1.428,0.748,0.743,1.24,1.402,0.753,0.729,1.347,1.433,0.732,0.729,1.313,1.46,0.738,0.726,1.225,1.36,0.751,0.732
48:45:00,37,1.223,1.308,0.741,0.739,1.221,1.43,0.748,0.743,1.241,1.404,0.753,0.729,1.348,1.437,0.732,0.729,1.322,1.46,0.738,0.726,1.23,1.355,0.751,0.732
49:00:00,37,1.224,1.309,0.741,0.739,1.216,1.431,0.748,0.743,1.245,1.403,0.753,0.729,1.349,1.44,0.733,0.729,1.326,1.464,0.738,0.726,1.228,1.36,0.751,0.732
49:15:00,37,1.221,1.312,0.741,0.739,1.231,1.431,0.748,0.743,1.248,1.405,0.753,0.729,1.35,1.438,0.733,0.729,1.327,1.463,0.738,0.726,1.229,1.37,0.752,0.733
49:30:00,36.9,1.228,1.314,0.741,0.739,1.238,1.43,0.748,0.743,1.249,1.408,0.754,0.729,1.352,1.44,0.733,0.73,1.327,1.46,0.739,0.727,1.232,1.375,0.752,0.733
49:45:00,37,1.231,1.317,0.741,0.74,1.239,1.43,0.749,0.743,1.248,1.409,0.754,0.729,1.353,1.442,0.733,0.729,1.326,1.464,0.739,0.727,1.232,1.373,0.752,0.733
50:00:00,37,1.23,1.318,0.742,0.74,1.245,1.429,0.749,0.743,1.251,1.409,0.754,0.73,1.354,1.443,0.733,0.73,1.329,1.463,0.739,0.727,1.234,1.373,0.752,0.733
50:15:00,37,1.228,1.319,0.742,0.74,1.237,1.432,0.749,0.743,1.25,1.409,0.754,0.73,1.355,1.443,0.733,0.73,1.33,1.466,0.739,0.727,1.236,1.368,0.752,0.733
50:30:00,37,1.226,1.32,0.742,0.74,1.243,1.432,0.749,0.743,1.25,1.412,0.754,0.73,1.357,1.444,0.734,0.73,1.331,1.469,0.739,0.727,1.239,1.371,0.752,0.733
50:45:00,37,1.233,1.319,0.742,0.74,1.239,1.435,0.749,0.743,1.249,1.414,0.755,0.73,1.357,1.444,0.734,0.73,1.331,1.471,0.739,0.727,1.241,1.371,0.753,0.733
51:00:00,37,1.232,1.317,0.742,0.74,1.24,1.437,0.749,0.744,1.251,1.416,0.755,0.73,1.358,1.444,0.734,0.73,1.33,1.472,0.739,0.727,1.242,1.37,0.753,0.733
51:15:00,37,1.234,1.32,0.742,0.74,1.236,1.437,0.75,0.743,1.251,1.419,0.755,0.73,1.359,1.446,0.734,0.731,1.33,1.471,0.74,0.727,1.245,1.371,0.753,0.734
51:30:00,37,1.235,1.327,0.742,0.74,1.239,1.439,0.75,0.743,1.253,1.419,0.755,0.73,1.359,1.446,0.734,0.731,1.331,1.473,0.74,0.728,1.246,1.371,0.753,0.734
51:45:00,37,1.233,1.327,0.742,0.74,1.242,1.44,0.75,0.743,1.254,1.419,0.755,0.73,1.36,1.447,0.734,0.731,1.331,1.474,0.74,0.728,1.246,1.373,0.753,0.734
52:00:00,37,1.236,1.327,0.743,0.74,1.243,1.442,0.75,0.743,1.253,1.421,0.755,0.731,1.36,1.448,0.735,0.731,1.331,1.476,0.74,0.728,1.246,1.373,0.753,0.734
52:15:00,37,1.234,1.325,0.743,0.741,1.245,1.443,0.751,0.743,1.252,1.421,0.756,0.731,1.362,1.448,0.735,0.731,1.332,1.476,0.74,0.728,1.246,1.375,0.753,0.734
52:30:00,37,1.238,1.324,0.743,0.741,1.246,1.444,0.751,0.743,1.254,1.423,0.756,0.731,1.361,1.45,0.735,0.731,1.333,1.476,0.741,0.728,1.246,1.375,0.754,0.734
52:45:00,37,1.238,1.325,0.743,0.741,1.246,1.444,0.751,0.743,1.255,1.422,0.756,0.731,1.361,1.45,0.735,0.731,1.333,1.476,0.741,0.728,1.247,1.375,0.754,0.734
53:00:00,37,1.239,1.324,0.743,0.741,1.248,1.443,0.752,0.743,1.255,1.422,0.756,0.731,1.361,1.451,0.735,0.731,1.334,1.477,0.741,0.728,1.247,1.376,0.754,0.734
53:15:00,37,1.239,1.324,0.743,0.741,1.25,1.443,0.752,0.743,1.255,1.421,0.756,0.731,1.361,1.451,0.735,0.732,1.333,1.476,0.741,0.728,1.248,1.376,0.754,0.734
53:30:00,37,1.24,1.324,0.743,0.741,1.25,1.443,0.753,0.743,1.255,1.423,0.756,0.731,1.361,1.451,0.736,0.732,1.331,1.476,0.741,0.728,1.249,1.375,0.754,0.734
53:45:00,37,1.241,1.324,0.744,0.741,1.25,1.442,0.753,0.743,1.254,1.423,0.757,0.732,1.361,1.452,0.736,0.732,1.33,1.476,0.741,0.729,1.249,1.376,0.754,0.735
54:00:00,37,1.242,1.325,0.744,0.742,1.252,1.441,0.753,0.743,1.254,1.423,0.757,0.732,1.361,1.453,0.736,0.732,1.329,1.475,0.742,0.729,1.249,1.378,0.754,0.735
54:15:00,37,1.243,1.324,0.744,0.742,1.253,1.442,0.754,0.744,1.254,1.422,0.757,0.732,1.361,1.454,0.736,0.732,1.328,1.474,0.742,0.729,1.25,1.378,0.754,0.735
54:30:00,37,1.244,1.323,0.744,0.742,1.254,1.44,0.754,0.744,1.254,1.422,0.757,0.732,1.361,1.456,0.736,0.732,1.327,1.474,0.742,0.729,1.25,1.379,0.755,0.735
54:45:00,37,1.243,1.323,0.744,0.742,1.255,1.439,0.754,0.744,1.254,1.423,0.757,0.732,1.361,1.456,0.736,0.732,1.327,1.474,0.742,0.729,1.25,1.378,0.755,0.735
55:00:00,37,1.244,1.322,0.744,0.742,1.255,1.439,0.754,0.744,1.254,1.422,0.757,0.732,1.361,1.457,0.736,0.732,1.327,1.473,0.742,0.729,1.251,1.378,0.755,0.735
55:15:00,37,1.245,1.322,0.744,0.742,1.257,1.438,0.755,0.744,1.254,1.422,0.757,0.732,1.36,1.458,0.737,0.733,1.327,1.471,0.742,0.729,1.251,1.379,0.755,0.735
55:30:00,37,1.246,1.323,0.745,0.742,1.256,1.437,0.755,0.744,1.254,1.422,0.758,0.732,1.36,1.459,0.737,0.733,1.325,1.472,0.743,0.73,1.252,1.378,0.755,0.735
55:45:00,37,1.246,1.321,0.745,0.742,1.257,1.436,0.755,0.744,1.254,1.421,0.758,0.732,1.36,1.459,0.737,0.733,1.325,1.471,0.743,0.73,1.252,1.379,0.755,0.735
56:00:00,37,1.248,1.322,0.745,0.742,1.257,1.436,0.755,0.745,1.254,1.421,0.758,0.733,1.359,1.46,0.737,0.733,1.325,1.472,0.743,0.73,1.252,1.38,0.756,0.735
56:15:00,37,1.247,1.321,0.745,0.742,1.258,1.435,0.755,0.745,1.254,1.421,0.758,0.733,1.358,1.46,0.737,0.733,1.324,1.469,0.743,0.73,1.252,1.379,0.756,0.735
56:30:00,37,1.248,1.321,0.745,0.743,1.258,1.433,0.755,0.745,1.254,1.42,0.758,0.733,1.357,1.46,0.737,0.733,1.324,1.47,0.743,0.73,1.252,1.38,0.756,0.736
56:45:00,37,1.249,1.32,0.745,0.743,1.258,1.433,0.755,0.745,1.253,1.42,0.758,0.733,1.355,1.46,0.738,0.733,1.323,1.468,0.743,0.73,1.252,1.379,0.756,0.736
57:00:00,37,1.248,1.321,0.745,0.743,1.258,1.431,0.755,0.745,1.254,1.419,0.758,0.733,1.355,1.46,0.738,0.733,1.323,1.469,0.744,0.73,1.253,1.379,0.756,0.736
57:15:00,37.1,1.247,1.32,0.746,0.743,1.259,1.431,0.755,0.745,1.254,1.418,0.759,0.733,1.353,1.46,0.738,0.734,1.323,1.469,0.744,0.73,1.252,1.379,0.756,0.736
57:30:00,37,1.248,1.319,0.746,0.743,1.258,1.43,0.755,0.745,1.254,1.417,0.759,0.733,1.351,1.459,0.738,0.734,1.321,1.469,0.744,0.73,1.253,1.378,0.756,0.736
57:45:00,37,1.249,1.319,0.746,0.743,1.258,1.429,0.755,0.746,1.254,1.417,0.759,0.733,1.349,1.46,0.738,0.734,1.321,1.469,0.744,0.731,1.252,1.377,0.757,0.736
58:00:00,37,1.25,1.317,0.746,0.743,1.258,1.428,0.755,0.746,1.254,1.417,0.759,0.734,1.349,1.46,0.739,0.734,1.321,1.469,0.744,0.731,1.253,1.378,0.757,0.736
58:15:00,37,1.248,1.317,0.746,0.743,1.257,1.427,0.755,0.746,1.253,1.417,0.759,0.734,1.347,1.46,0.739,0.734,1.321,1.468,0.744,0.731,1.253,1.378,0.757,0.737
58:30:00,37,1.248,1.317,0.746,0.743,1.258,1.426,0.756,0.746,1.254,1.416,0.759,0.734,1.346,1.459,0.739,0.734,1.32,1.468,0.745,0.731,1.253,1.378,0.757,0.736
58:45:00,37,1.25,1.316,0.746,0.743,1.258,1.425,0.755,0.746,1.254,1.416,0.759,0.734,1.345,1.459,0.739,0.734,1.319,1.468,0.745,0.731,1.253,1.378,0.757,0.737
59:00:00,37,1.25,1.316,0.747,0.744,1.257,1.425,0.755,0.746,1.254,1.416,0.76,0.734,1.344,1.459,0.739,0.735,1.319,1.468,0.745,0.731,1.252,1.378,0.757,0.737
59:15:00,37,1.25,1.315,0.747,0.744,1.258,1.424,0.755,0.747,1.254,1.415,0.76,0.734,1.343,1.459,0.739,0.735,1.318,1.469,0.745,0.731,1.252,1.378,0.757,0.737
59:30:00,37,1.249,1.315,0.747,0.744,1.257,1.423,0.755,0.747,1.253,1.415,0.76,0.734,1.342,1.458,0.74,0.735,1.318,1.469,0.745,0.731,1.252,1.377,0.758,0.737
59:45:00,36.9,1.25,1.313,0.747,0.744,1.256,1.423,0.755,0.747,1.253,1.415,0.76,0.734,1.342,1.459,0.74,0.735,1.318,1.47,0.745,0.731,1.252,1.377,0.758,0.737
60:00:00,37,1.25,1.313,0.747,0.744,1.256,1.422,0.755,0.747,1.253,1.415,0.76,0.735,1.341,1.458,0.74,0.735,1.317,1.471,0.745,0.732,1.252,1.376,0.758,0.737
60:15:00,37,1.249,1.313,0.747,0.744,1.255,1.421,0.755,0.747,1.253,1.413,0.76,0.735,1.34,1.457,0.74,0.735,1.317,1.471,0.746,0.732,1.252,1.375,0.758,0.737
60:30:00,37,1.248,1.313,0.747,0.744,1.256,1.421,0.755,0.747,1.253,1.413,0.76,0.735,1.339,1.457,0.74,0.735,1.317,1.47,0.746,0.732,1.252,1.376,0.758,0.737
60:45:00,37,1.249,1.312,0.748,0.744,1.256,1.42,0.755,0.747,1.253,1.412,0.761,0.735,1.338,1.456,0.74,0.735,1.317,1.471,0.746,0.732,1.252,1.375,0.758,0.738
61:00:00,36.9,1.249,1.312,0.748,0.745,1.256,1.421,0.756,0.748,1.252,1.412,0.761,0.735,1.338,1.456,0.74,0.736,1.316,1.471,0.746,0.732,1.251,1.375,0.758,0.738
61:15:00,37,1.249,1.311,0.748,0.745,1.255,1.42,0.756,0.748,1.252,1.411,0.761,0.735,1.338,1.455,0.741,0.736,1.316,1.472,0.746,0.732,1.251,1.374,0.759,0.738
61:30:00,37,1.248,1.312,0.748,0.745,1.254,1.419,0.756,0.748,1.253,1.411,0.761,0.735,1.338,1.456,0.741,0.736,1.316,1.472,0.746,0.732,1.25,1.374,0.759,0.738
61:45:00,37,1.248,1.311,0.748,0.745,1.254,1.418,0.756,0.748,1.253,1.412,0.761,0.736,1.337,1.456,0.741,0.736,1.315,1.472,0.746,0.732,1.25,1.374,0.759,0.738
62:00:00,37,1.247,1.311,0.748,0.745,1.253,1.418,0.756,0.748,1.252,1.411,0.762,0.736,1.336,1.456,0.741,0.736,1.315,1.472,0.747,0.733,1.25,1.375,0.759,0.738
62:15:00,37,1.246,1.31,0.749,0.745,1.252,1.418,0.756,0.748,1.252,1.41,0.762,0.736,1.339,1.456,0.741,0.736,1.315,1.472,0.747,0.733,1.25,1.374,0.759,0.738
62:30:00,37,1.246,1.311,0.749,0.745,1.252,1.417,0.756,0.749,1.252,1.41,0.762,0.736,1.336,1.457,0.741,0.736,1.315,1.471,0.747,0.733,1.249,1.374,0.759,0.738
62:45:00,37,1.248,1.31,0.749,0.745,1.251,1.416,0.756,0.749,1.252,1.41,0.762,0.736,1.335,1.456,0.742,0.736,1.315,1.472,0.747,0.733,1.249,1.374,0.759,0.739
63:00:00,37,1.246,1.309,0.749,0.745,1.251,1.417,0.756,0.749,1.252,1.411,0.762,0.736,1.335,1.456,0.742,0.737,1.314,1.472,0.747,0.733,1.249,1.374,0.76,0.739
63:15:00,37,1.246,1.309,0.749,0.745,1.251,1.416,0.756,0.749,1.251,1.41,0.762,0.736,1.336,1.456,0.742,0.737,1.314,1.471,0.747,0.733,1.249,1.374,0.76,0.739
63:30:00,37,1.246,1.309,0.749,0.746,1.252,1.416,0.756,0.749,1.252,1.41,0.762,0.736,1.336,1.455,0.742,0.737,1.314,1.472,0.748,0.733,1.248,1.374,0.76,0.739
63:45:00,37,1.244,1.309,0.749,0.746,1.253,1.416,0.756,0.749,1.251,1.41,0.762,0.736,1.334,1.455,0.742,0.737,1.313,1.472,0.748,0.733,1.248,1.373,0.76,0.739
64:00:00,37,1.246,1.309,0.749,0.746,1.253,1.415,0.757,0.749,1.251,1.41,0.763,0.736,1.335,1.455,0.742,0.737,1.313,1.471,0.748,0.733,1.248,1.374,0.76,0.739
64:15:00,37,1.245,1.309,0.75,0.746,1.253,1.415,0.757,0.75,1.252,1.41,0.763,0.737,1.335,1.454,0.743,0.737,1.313,1.471,0.748,0.734,1.248,1.373,0.76,0.739
64:30:00,37,1.246,1.308,0.75,0.746,1.253,1.414,0.757,0.75,1.251,1.409,0.763,0.737,1.334,1.454,0.743,0.737,1.313,1.47,0.748,0.734,1.248,1.373,0.76,0.739
64:45:00,37,1.245,1.307,0.75,0.746,1.253,1.413,0.758,0.75,1.251,1.409,0.763,0.737,1.336,1.453,0.743,0.737,1.313,1.469,0.748,0.734,1.247,1.373,0.76,0.739
65:00:00,37,1.244,1.307,0.75,0.746,1.253,1.413,0.758,0.75,1.251,1.408,0.763,0.737,1.335,1.452,0.743,0.738,1.313,1.469,0.748,0.734,1.247,1.373,0.761,0.739
65:15:00,37,1.244,1.307,0.75,0.746,1.252,1.413,0.758,0.75,1.25,1.408,0.764,0.737,1.334,1.451,0.743,0.738,1.313,1.469,0.748,0.734,1.248,1.373,0.761,0.739
65:30:00,37,1.244,1.307,0.75,0.746,1.253,1.412,0.759,0.75,1.25,1.408,0.764,0.737,1.334,1.451,0.744,0.738,1.313,1.468,0.748,0.734,1.248,1.373,0.761,0.74
65:45:00,37,1.245,1.306,0.75,0.746,1.253,1.412,0.759,0.75,1.25,1.408,0.764,0.737,1.334,1.45,0.744,0.738,1.313,1.468,0.748,0.734,1.247,1.372,0.761,0.74
66:00:00,37,1.243,1.307,0.75,0.747,1.253,1.411,0.759,0.75,1.251,1.408,0.764,0.737,1.334,1.45,0.744,0.738,1.313,1.468,0.749,0.735,1.247,1.373,0.761,0.74
66:15:00,37,1.244,1.306,0.751,0.747,1.252,1.411,0.759,0.751,1.25,1.408,0.764,0.738,1.334,1.45,0.744,0.738,1.313,1.468,0.749,0.735,1.247,1.371,0.761,0.74
66:30:00,37,1.244,1.306,0.751,0.747,1.252,1.411,0.76,0.751,1.25,1.408,0.764,0.738,1.334,1.449,0.744,0.739,1.314,1.468,0.749,0.735,1.247,1.372,0.762,0.74
66:45:00,37,1.244,1.306,0.751,0.747,1.252,1.411,0.76,0.751,1.25,1.408,0.764,0.738,1.335,1.449,0.744,0.739,1.314,1.468,0.749,0.735,1.248,1.373,0.762,0.74
67:00:00,37,1.243,1.305,0.751,0.747,1.252,1.41,0.76,0.751,1.25,1.407,0.765,0.738,1.335,1.448,0.744,0.739,1.314,1.468,0.749,0.735,1.248,1.372,0.762,0.74
67:15:00,37,1.244,1.306,0.751,0.747,1.252,1.41,0.76,0.751,1.25,1.407,0.765,0.738,1.334,1.447,0.745,0.739,1.314,1.468,0.749,0.735,1.249,1.372,0.762,0.74
67:30:00,37,1.242,1.305,0.751,0.747,1.253,1.409,0.761,0.751,1.25,1.407,0.765,0.738,1.335,1.446,0.745,0.739,1.314,1.468,0.75,0.735,1.25,1.372,0.762,0.741
67:45:00,37,1.242,1.306,0.751,0.748,1.252,1.409,0.761,0.751,1.25,1.407,0.765,0.738,1.335,1.447,0.745,0.739,1.314,1.468,0.75,0.735,1.25,1.372,0.762,0.741
68:00:00,37,1.244,1.305,0.752,0.748,1.252,1.409,0.761,0.751,1.25,1.407,0.765,0.739,1.335,1.446,0.745,0.739,1.314,1.468,0.75,0.736,1.251,1.372,0.762,0.741
68:15:00,37,1.244,1.305,0.752,0.748,1.252,1.409,0.762,0.752,1.25,1.407,0.766,0.739,1.335,1.446,0.745,0.739,1.314,1.468,0.75,0.736,1.249,1.373,0.763,0.741
68:30:00,37,1.246,1.306,0.752,0.748,1.252,1.408,0.762,0.752,1.25,1.406,0.766,0.739,1.335,1.445,0.745,0.74,1.314,1.468,0.75,0.736,1.25,1.373,0.763,0.741
68:45:00,37,1.246,1.305,0.752,0.748,1.252,1.408,0.762,0.752,1.25,1.406,0.766,0.739,1.335,1.445,0.745,0.74,1.314,1.469,0.75,0.736,1.251,1.373,0.763,0.741
69:00:00,37,1.248,1.305,0.752,0.748,1.253,1.408,0.762,0.752,1.25,1.406,0.766,0.739,1.337,1.444,0.746,0.74,1.315,1.47,0.75,0.736,1.252,1.374,0.763,0.741
69:15:00,37,1.251,1.305,0.752,0.748,1.252,1.408,0.762,0.752,1.249,1.406,0.766,0.739,1.336,1.444,0.746,0.74,1.314,1.469,0.75,0.736,1.253,1.374,0.763,0.741
69:30:00,37,1.252,1.304,0.752,0.748,1.253,1.407,0.762,0.752,1.249,1.406,0.766,0.739,1.337,1.444,0.746,0.74,1.315,1.468,0.751,0.736,1.254,1.374,0.763,0.741
69:45:00,37,1.254,1.305,0.753,0.748,1.253,1.407,0.763,0.752,1.249,1.406,0.766,0.739,1.336,1.443,0.746,0.74,1.315,1.468,0.751,0.736,1.254,1.375,0.763,0.742
70:00:00,37,1.256,1.305,0.753,0.749,1.252,1.407,0.763,0.752,1.249,1.406,0.767,0.74,1.336,1.443,0.746,0.74,1.315,1.469,0.751,0.736,1.254,1.375,0.764,0.742
70:15:00,37,1.258,1.304,0.753,0.749,1.252,1.407,0.763,0.753,1.249,1.406,0.767,0.74,1.337,1.442,0.746,0.74,1.316,1.469,0.751,0.737,1.254,1.376,0.764,0.742
70:30:00,37,1.26,1.304,0.753,0.749,1.252,1.407,0.763,0.753,1.249,1.406,0.767,0.74,1.337,1.442,0.747,0.74,1.316,1.469,0.751,0.737,1.254,1.377,0.764,0.742
70:45:00,37,1.262,1.305,0.753,0.749,1.252,1.407,0.764,0.753,1.249,1.406,0.767,0.74,1.337,1.442,0.747,0.741,1.316,1.47,0.751,0.737,1.254,1.378,0.764,0.742
71:00:00,37,1.264,1.305,0.753,0.749,1.252,1.407,0.763,0.753,1.249,1.406,0.767,0.74,1.337,1.442,0.747,0.741,1.316,1.471,0.751,0.737,1.254,1.379,0.764,0.742
71:15:00,37,1.266,1.305,0.753,0.749,1.252,1.406,0.763,0.753,1.249,1.406,0.767,0.74,1.338,1.441,0.747,0.741,1.316,1.47,0.752,0.737,1.254,1.379,0.764,0.742
71:30:00,36.9,1.267,1.305,0.753,0.749,1.253,1.407,0.763,0.753,1.25,1.406,0.767,0.74,1.338,1.441,0.747,0.741,1.317,1.47,0.752,0.737,1.255,1.38,0.764,0.742
,,,,,,,,,,,,,,,,,,,,,,,,,
,,,,,,,,,,,,,,,,,,,,,,,,,