Time,A1,A2,A3,A4,A5,A6,A7,A8,A9,A10,A11,A12,B1,B2,B3,B4,B5,B6,B7,B8,B9,B10,B11,B12,C1,C2,C3,C4,C5,C6,C7,C8,C9,C10,C11,C12,D1,D2,D3,D4,D5,D6,D7,D8,D9,D10,D11,D12,E1,E2,E3,E4,E5,E6,E7,E8,E9,E10,E11,E12,F1,F2,F3,F4
0:00:00,0.735,0.783,0.777,0.779,0.782,0.787,0.788,0.77,0.744,0.778,0.787,0.791,0.791,0.794,0.785,0.768,0.737,0.776,0.782,0.786,0.786,0.787,0.8,0.77,0.731,0.776,0.783,0.787,0.806,0.796,0.79,0.772,0.751,0.782,0.786,0.784,0.813,0.81,0.799,0.78,0.731,0.776,0.781,0.781,0.788,0.799,0.787,0.773,0.744,0.78,0.776,0.774,0.779,0.773,0.777,0.763,0.715,0.763,0.771,0.77,0.769,0.771,0.767,0.747
0:15:00,0.759,0.803,0.8,0.8,0.803,0.808,0.809,0.793,0.767,0.802,0.81,0.813,0.813,0.817,0.808,0.793,0.759,0.799,0.803,0.807,0.806,0.808,0.822,0.793,0.753,0.798,0.803,0.807,0.827,0.816,0.812,0.795,0.773,0.805,0.807,0.803,0.833,0.83,0.82,0.802,0.754,0.8,0.803,0.802,0.809,0.821,0.809,0.797,0.766,0.805,0.8,0.797,0.802,0.796,0.801,0.785,0.734,0.787,0.795,0.794,0.793,0.795,0.791,0.768
0:30:00,0.763,0.81,0.807,0.807,0.81,0.816,0.815,0.799,0.773,0.812,0.818,0.821,0.821,0.826,0.817,0.799,0.767,0.808,0.812,0.817,0.816,0.818,0.831,0.801,0.761,0.807,0.813,0.817,0.837,0.825,0.821,0.804,0.78,0.814,0.816,0.813,0.843,0.841,0.829,0.811,0.759,0.808,0.812,0.812,0.818,0.83,0.818,0.805,0.771,0.812,0.808,0.805,0.81,0.804,0.809,0.793,0.737,0.791,0.8,0.8,0.799,0.801,0.796,0.774
0:45:00,0.764,0.811,0.808,0.808,0.812,0.816,0.815,0.8,0.774,0.814,0.82,0.824,0.824,0.828,0.819,0.801,0.768,0.811,0.815,0.82,0.819,0.821,0.834,0.803,0.762,0.81,0.817,0.82,0.841,0.828,0.824,0.805,0.78,0.816,0.82,0.816,0.847,0.845,0.831,0.812,0.759,0.811,0.816,0.815,0.822,0.834,0.821,0.806,0.772,0.814,0.811,0.809,0.813,0.806,0.811,0.793,0.737,0.791,0.8,0.801,0.799,0.8,0.796,0.775
1:00:00,0.764,0.811,0.808,0.808,0.812,0.816,0.815,0.807,0.773,0.814,0.821,0.825,0.824,0.828,0.819,0.801,0.768,0.811,0.816,0.821,0.82,0.822,0.835,0.803,0.762,0.811,0.818,0.822,0.843,0.828,0.824,0.805,0.78,0.817,0.821,0.818,0.849,0.847,0.832,0.812,0.759,0.812,0.817,0.816,0.823,0.834,0.821,0.806,0.772,0.815,0.812,0.809,0.814,0.807,0.812,0.793,0.737,0.791,0.8,0.8,0.798,0.8,0.796,0.775
1:15:00,0.764,0.811,0.808,0.808,0.813,0.817,0.815,0.817,0.774,0.814,0.821,0.824,0.823,0.828,0.819,0.801,0.768,0.811,0.816,0.821,0.82,0.822,0.835,0.802,0.762,0.811,0.818,0.822,0.843,0.828,0.825,0.805,0.78,0.818,0.821,0.818,0.849,0.847,0.832,0.812,0.759,0.812,0.817,0.817,0.823,0.835,0.821,0.806,0.772,0.815,0.812,0.809,0.814,0.807,0.812,0.793,0.738,0.791,0.8,0.8,0.799,0.8,0.796,0.775
1:30:00,0.765,0.811,0.808,0.808,0.813,0.817,0.815,0.806,0.773,0.814,0.82,0.824,0.822,0.827,0.819,0.8,0.768,0.811,0.816,0.821,0.82,0.822,0.835,0.802,0.762,0.811,0.818,0.822,0.843,0.827,0.825,0.805,0.78,0.817,0.821,0.818,0.849,0.847,0.832,0.812,0.759,0.812,0.817,0.816,0.823,0.834,0.821,0.806,0.772,0.814,0.811,0.809,0.814,0.807,0.812,0.793,0.737,0.791,0.8,0.8,0.799,0.8,0.796,0.775
1:45:00,0.765,0.811,0.808,0.808,0.812,0.817,0.815,0.798,0.773,0.814,0.82,0.823,0.822,0.826,0.819,0.8,0.767,0.811,0.816,0.821,0.819,0.822,0.835,0.802,0.762,0.81,0.818,0.821,0.843,0.827,0.825,0.805,0.78,0.817,0.821,0.817,0.848,0.847,0.831,0.811,0.758,0.812,0.817,0.816,0.822,0.834,0.82,0.805,0.772,0.814,0.811,0.809,0.813,0.806,0.811,0.793,0.737,0.792,0.799,0.8,0.799,0.801,0.796,0.775
2:00:00,0.764,0.811,0.808,0.808,0.813,0.817,0.815,0.798,0.773,0.813,0.819,0.823,0.822,0.826,0.819,0.8,0.767,0.81,0.815,0.82,0.819,0.822,0.834,0.801,0.762,0.81,0.817,0.82,0.842,0.827,0.824,0.804,0.78,0.817,0.82,0.817,0.848,0.846,0.831,0.811,0.758,0.812,0.816,0.816,0.822,0.833,0.82,0.805,0.772,0.814,0.81,0.808,0.813,0.806,0.811,0.793,0.736,0.792,0.8,0.8,0.799,0.801,0.797,0.775
2:15:00,0.765,0.811,0.809,0.808,0.813,0.817,0.815,0.798,0.773,0.813,0.819,0.823,0.822,0.827,0.818,0.799,0.767,0.81,0.815,0.82,0.819,0.822,0.834,0.801,0.762,0.81,0.817,0.82,0.842,0.827,0.831,0.804,0.78,0.817,0.82,0.817,0.847,0.846,0.832,0.811,0.758,0.812,0.816,0.815,0.822,0.833,0.82,0.805,0.771,0.813,0.81,0.809,0.812,0.805,0.81,0.792,0.737,0.792,0.799,0.8,0.799,0.801,0.797,0.774
2:30:00,0.764,0.811,0.809,0.808,0.813,0.817,0.815,0.797,0.773,0.813,0.819,0.822,0.821,0.826,0.818,0.799,0.767,0.81,0.815,0.82,0.818,0.821,0.833,0.801,0.762,0.81,0.817,0.82,0.842,0.826,0.848,0.804,0.78,0.816,0.82,0.816,0.847,0.845,0.83,0.811,0.758,0.811,0.816,0.815,0.821,0.832,0.819,0.805,0.77,0.813,0.809,0.809,0.812,0.805,0.81,0.792,0.736,0.793,0.799,0.8,0.799,0.801,0.798,0.774
2:45:00,0.763,0.811,0.809,0.808,0.813,0.817,0.815,0.796,0.772,0.813,0.819,0.822,0.821,0.826,0.819,0.799,0.767,0.809,0.814,0.819,0.818,0.821,0.834,0.801,0.762,0.81,0.816,0.82,0.842,0.825,0.839,0.803,0.78,0.816,0.82,0.816,0.847,0.845,0.83,0.811,0.758,0.811,0.816,0.815,0.821,0.832,0.819,0.805,0.771,0.813,0.809,0.809,0.812,0.805,0.811,0.792,0.735,0.793,0.8,0.8,0.799,0.802,0.798,0.774
3:00:00,0.763,0.811,0.809,0.808,0.813,0.817,0.815,0.796,0.772,0.813,0.818,0.822,0.821,0.826,0.818,0.799,0.767,0.809,0.814,0.819,0.818,0.821,0.833,0.801,0.761,0.81,0.816,0.82,0.841,0.825,0.824,0.803,0.78,0.816,0.82,0.816,0.847,0.845,0.83,0.811,0.758,0.811,0.815,0.815,0.821,0.832,0.819,0.805,0.77,0.813,0.809,0.809,0.812,0.805,0.811,0.792,0.735,0.793,0.8,0.801,0.799,0.802,0.798,0.773
3:15:00,0.763,0.811,0.809,0.809,0.814,0.817,0.816,0.796,0.772,0.813,0.818,0.822,0.821,0.826,0.819,0.799,0.766,0.81,0.814,0.819,0.818,0.821,0.833,0.801,0.761,0.81,0.816,0.82,0.841,0.825,0.823,0.803,0.78,0.816,0.819,0.816,0.847,0.845,0.829,0.81,0.758,0.811,0.815,0.814,0.821,0.832,0.819,0.805,0.77,0.813,0.809,0.808,0.812,0.805,0.811,0.792,0.734,0.794,0.8,0.801,0.8,0.802,0.799,0.773
3:30:00,0.763,0.811,0.81,0.809,0.814,0.817,0.816,0.797,0.772,0.814,0.818,0.822,0.821,0.826,0.819,0.798,0.766,0.809,0.814,0.818,0.818,0.821,0.834,0.8,0.761,0.81,0.816,0.819,0.841,0.824,0.823,0.803,0.78,0.816,0.819,0.816,0.847,0.844,0.829,0.81,0.757,0.811,0.815,0.814,0.821,0.831,0.819,0.804,0.77,0.813,0.809,0.809,0.812,0.805,0.811,0.792,0.734,0.794,0.8,0.801,0.8,0.802,0.799,0.772
3:45:00,0.762,0.812,0.81,0.809,0.814,0.818,0.816,0.795,0.772,0.814,0.818,0.822,0.821,0.826,0.819,0.798,0.766,0.809,0.814,0.818,0.818,0.821,0.833,0.801,0.761,0.81,0.816,0.819,0.841,0.824,0.823,0.803,0.78,0.816,0.819,0.816,0.847,0.844,0.829,0.81,0.757,0.811,0.815,0.814,0.82,0.831,0.818,0.804,0.77,0.814,0.809,0.809,0.812,0.805,0.811,0.792,0.734,0.795,0.8,0.802,0.8,0.803,0.799,0.771
4:00:00,0.762,0.812,0.81,0.809,0.814,0.818,0.816,0.794,0.772,0.814,0.819,0.822,0.821,0.826,0.819,0.798,0.766,0.81,0.814,0.818,0.818,0.821,0.834,0.801,0.761,0.81,0.816,0.819,0.841,0.824,0.823,0.803,0.78,0.816,0.819,0.816,0.846,0.844,0.829,0.81,0.757,0.811,0.815,0.814,0.82,0.831,0.818,0.805,0.77,0.814,0.809,0.809,0.812,0.805,0.811,0.792,0.734,0.795,0.8,0.802,0.8,0.803,0.8,0.771
4:15:00,0.762,0.812,0.811,0.809,0.814,0.818,0.816,0.794,0.772,0.814,0.819,0.822,0.821,0.827,0.819,0.798,0.766,0.81,0.815,0.818,0.818,0.821,0.834,0.801,0.761,0.81,0.816,0.819,0.841,0.824,0.823,0.803,0.78,0.816,0.819,0.816,0.846,0.844,0.829,0.81,0.757,0.811,0.815,0.814,0.821,0.831,0.819,0.805,0.769,0.814,0.809,0.809,0.812,0.806,0.811,0.792,0.733,0.795,0.801,0.802,0.8,0.803,0.8,0.771
4:30:00,0.761,0.812,0.811,0.81,0.814,0.818,0.816,0.793,0.772,0.814,0.819,0.823,0.821,0.827,0.819,0.798,0.766,0.81,0.815,0.818,0.818,0.821,0.834,0.801,0.761,0.81,0.816,0.819,0.841,0.824,0.824,0.803,0.779,0.816,0.819,0.816,0.846,0.844,0.829,0.81,0.757,0.811,0.815,0.814,0.82,0.831,0.819,0.804,0.769,0.814,0.809,0.809,0.812,0.806,0.811,0.792,0.732,0.795,0.801,0.802,0.801,0.803,0.8,0.77
4:45:00,0.761,0.813,0.811,0.81,0.815,0.818,0.816,0.792,0.772,0.814,0.819,0.823,0.822,0.827,0.819,0.798,0.766,0.81,0.815,0.818,0.818,0.822,0.834,0.801,0.761,0.81,0.816,0.819,0.841,0.824,0.828,0.803,0.78,0.816,0.819,0.816,0.846,0.844,0.829,0.81,0.757,0.811,0.815,0.814,0.82,0.831,0.819,0.804,0.769,0.814,0.809,0.809,0.812,0.806,0.811,0.792,0.732,0.796,0.801,0.803,0.801,0.804,0.8,0.77
5:00:00,0.761,0.813,0.811,0.81,0.815,0.818,0.817,0.792,0.772,0.815,0.819,0.823,0.822,0.827,0.82,0.798,0.766,0.81,0.815,0.818,0.818,0.822,0.834,0.8,0.761,0.81,0.816,0.819,0.841,0.824,0.827,0.803,0.779,0.817,0.82,0.816,0.846,0.844,0.83,0.81,0.757,0.811,0.815,0.814,0.821,0.831,0.819,0.804,0.768,0.814,0.809,0.809,0.812,0.806,0.812,0.792,0.731,0.796,0.801,0.803,0.801,0.803,0.8,0.77
5:15:00,0.76,0.813,0.811,0.81,0.815,0.818,0.817,0.791,0.772,0.815,0.82,0.823,0.822,0.828,0.82,0.798,0.765,0.81,0.815,0.818,0.818,0.822,0.835,0.8,0.761,0.81,0.817,0.819,0.841,0.825,0.824,0.803,0.779,0.817,0.82,0.816,0.846,0.844,0.83,0.81,0.757,0.811,0.815,0.814,0.821,0.831,0.819,0.804,0.768,0.815,0.81,0.81,0.813,0.807,0.812,0.792,0.731,0.796,0.801,0.803,0.801,0.804,0.8,0.769
5:30:00,0.76,0.813,0.812,0.811,0.815,0.818,0.816,0.79,0.772,0.815,0.82,0.823,0.822,0.828,0.82,0.798,0.765,0.811,0.816,0.819,0.818,0.822,0.835,0.8,0.761,0.811,0.817,0.819,0.841,0.825,0.824,0.803,0.779,0.817,0.82,0.816,0.846,0.844,0.83,0.81,0.757,0.812,0.816,0.814,0.821,0.831,0.82,0.804,0.768,0.815,0.81,0.81,0.813,0.807,0.812,0.792,0.73,0.796,0.802,0.803,0.801,0.804,0.8,0.769
5:45:00,0.76,0.813,0.812,0.811,0.816,0.818,0.817,0.79,0.772,0.815,0.82,0.823,0.822,0.828,0.82,0.798,0.765,0.811,0.816,0.819,0.818,0.822,0.835,0.8,0.76,0.811,0.817,0.819,0.841,0.825,0.825,0.803,0.779,0.817,0.82,0.816,0.846,0.844,0.83,0.81,0.757,0.812,0.816,0.814,0.821,0.831,0.82,0.804,0.768,0.815,0.81,0.81,0.813,0.807,0.812,0.792,0.73,0.796,0.802,0.803,0.802,0.804,0.8,0.768
6:00:00,0.76,0.813,0.812,0.811,0.816,0.818,0.816,0.788,0.772,0.815,0.82,0.824,0.823,0.829,0.821,0.798,0.765,0.811,0.816,0.819,0.819,0.823,0.835,0.8,0.761,0.811,0.817,0.82,0.841,0.825,0.847,0.803,0.779,0.817,0.82,0.817,0.846,0.844,0.83,0.81,0.757,0.812,0.816,0.814,0.821,0.831,0.82,0.804,0.768,0.815,0.81,0.81,0.813,0.808,0.812,0.792,0.729,0.796,0.802,0.804,0.802,0.804,0.8,0.768
6:15:00,0.759,0.813,0.812,0.811,0.816,0.819,0.816,0.787,0.772,0.816,0.821,0.824,0.823,0.829,0.821,0.798,0.765,0.811,0.816,0.819,0.819,0.823,0.835,0.8,0.76,0.811,0.817,0.82,0.841,0.825,0.866,0.802,0.779,0.818,0.82,0.817,0.846,0.844,0.831,0.81,0.757,0.812,0.816,0.815,0.821,0.831,0.82,0.804,0.768,0.816,0.81,0.811,0.813,0.808,0.812,0.792,0.729,0.796,0.802,0.804,0.802,0.804,0.8,0.768
6:30:00,0.759,0.814,0.812,0.811,0.816,0.818,0.816,0.788,0.772,0.816,0.821,0.824,0.823,0.829,0.821,0.798,0.765,0.811,0.816,0.819,0.819,0.823,0.836,0.8,0.76,0.811,0.818,0.82,0.841,0.825,0.856,0.802,0.779,0.818,0.821,0.817,0.847,0.844,0.831,0.81,0.757,0.813,0.816,0.815,0.821,0.832,0.82,0.804,0.768,0.816,0.811,0.811,0.814,0.808,0.813,0.792,0.728,0.796,0.802,0.804,0.802,0.804,0.8,0.767
6:45:00,0.758,0.814,0.812,0.811,0.816,0.818,0.816,0.787,0.772,0.816,0.821,0.824,0.824,0.83,0.821,0.798,0.765,0.812,0.817,0.819,0.819,0.824,0.836,0.8,0.76,0.811,0.818,0.82,0.841,0.825,0.85,0.802,0.779,0.818,0.821,0.817,0.847,0.844,0.831,0.81,0.757,0.813,0.817,0.815,0.821,0.832,0.821,0.804,0.767,0.816,0.811,0.811,0.814,0.809,0.813,0.792,0.727,0.796,0.803,0.804,0.802,0.804,0.8,0.767
7:00:00,0.758,0.814,0.812,0.811,0.816,0.818,0.816,0.787,0.772,0.816,0.822,0.825,0.824,0.83,0.822,0.798,0.765,0.812,0.817,0.819,0.82,0.824,0.836,0.8,0.76,0.812,0.818,0.82,0.842,0.826,0.844,0.802,0.779,0.819,0.821,0.818,0.847,0.844,0.831,0.81,0.757,0.813,0.817,0.816,0.821,0.832,0.821,0.804,0.767,0.816,0.811,0.812,0.814,0.809,0.813,0.792,0.727,0.797,0.803,0.804,0.802,0.804,0.8,0.767
7:15:00,0.758,0.814,0.812,0.811,0.816,0.819,0.816,0.785,0.772,0.817,0.822,0.825,0.824,0.831,0.822,0.797,0.765,0.812,0.817,0.82,0.82,0.824,0.837,0.8,0.76,0.812,0.819,0.82,0.842,0.826,0.84,0.802,0.779,0.819,0.821,0.818,0.848,0.845,0.832,0.81,0.756,0.814,0.817,0.816,0.822,0.832,0.821,0.804,0.767,0.817,0.812,0.812,0.815,0.809,0.814,0.792,0.727,0.797,0.803,0.804,0.802,0.804,0.8,0.766
7:30:00,0.758,0.815,0.813,0.812,0.817,0.819,0.816,0.786,0.772,0.817,0.822,0.826,0.825,0.831,0.822,0.797,0.765,0.812,0.818,0.82,0.82,0.825,0.837,0.8,0.76,0.812,0.819,0.821,0.842,0.826,0.838,0.802,0.779,0.819,0.821,0.818,0.848,0.845,0.832,0.809,0.756,0.814,0.818,0.816,0.822,0.832,0.822,0.804,0.767,0.817,0.812,0.812,0.815,0.81,0.814,0.792,0.726,0.797,0.803,0.804,0.802,0.805,0.8,0.765
7:45:00,0.758,0.814,0.813,0.812,0.817,0.819,0.816,0.784,0.772,0.817,0.823,0.826,0.825,0.832,0.823,0.797,0.765,0.813,0.818,0.821,0.821,0.825,0.838,0.8,0.76,0.813,0.82,0.821,0.843,0.827,0.836,0.803,0.779,0.82,0.822,0.819,0.848,0.845,0.833,0.81,0.757,0.815,0.818,0.816,0.822,0.833,0.822,0.804,0.767,0.817,0.813,0.813,0.816,0.81,0.815,0.792,0.726,0.797,0.804,0.805,0.803,0.805,0.8,0.765
8:00:00,0.757,0.815,0.813,0.812,0.817,0.819,0.816,0.784,0.772,0.818,0.823,0.826,0.826,0.832,0.823,0.797,0.765,0.813,0.818,0.821,0.821,0.826,0.838,0.8,0.76,0.814,0.82,0.821,0.843,0.827,0.837,0.802,0.779,0.82,0.822,0.819,0.849,0.846,0.833,0.81,0.756,0.815,0.819,0.817,0.823,0.833,0.822,0.804,0.767,0.818,0.813,0.814,0.816,0.811,0.815,0.792,0.725,0.797,0.804,0.805,0.803,0.805,0.8,0.765
8:15:00,0.757,0.815,0.814,0.812,0.817,0.819,0.816,0.783,0.772,0.818,0.824,0.827,0.826,0.833,0.824,0.797,0.765,0.814,0.819,0.821,0.822,0.827,0.839,0.8,0.76,0.814,0.821,0.822,0.843,0.828,0.838,0.802,0.779,0.821,0.823,0.82,0.849,0.846,0.833,0.809,0.756,0.816,0.819,0.817,0.823,0.833,0.823,0.804,0.767,0.818,0.814,0.814,0.817,0.811,0.816,0.792,0.725,0.797,0.805,0.805,0.803,0.804,0.801,0.764
8:30:00,0.756,0.815,0.814,0.813,0.817,0.819,0.816,0.782,0.771,0.819,0.825,0.828,0.827,0.834,0.825,0.798,0.765,0.814,0.819,0.822,0.823,0.827,0.839,0.8,0.76,0.815,0.821,0.822,0.844,0.828,0.84,0.802,0.779,0.822,0.823,0.821,0.849,0.846,0.834,0.81,0.756,0.816,0.82,0.818,0.824,0.834,0.824,0.804,0.767,0.819,0.815,0.815,0.818,0.812,0.816,0.792,0.724,0.798,0.805,0.806,0.803,0.805,0.8,0.764
8:45:00,0.755,0.815,0.814,0.813,0.817,0.819,0.816,0.782,0.772,0.819,0.825,0.828,0.828,0.835,0.825,0.797,0.765,0.815,0.82,0.822,0.823,0.828,0.84,0.8,0.76,0.815,0.822,0.822,0.844,0.829,0.843,0.802,0.778,0.822,0.824,0.821,0.85,0.847,0.835,0.81,0.756,0.817,0.821,0.818,0.824,0.835,0.824,0.804,0.766,0.819,0.815,0.815,0.818,0.812,0.817,0.792,0.724,0.797,0.805,0.806,0.803,0.805,0.8,0.763
9:00:00,0.756,0.815,0.814,0.813,0.818,0.819,0.816,0.781,0.771,0.82,0.826,0.829,0.829,0.835,0.826,0.797,0.765,0.815,0.82,0.823,0.824,0.829,0.841,0.8,0.76,0.816,0.822,0.823,0.845,0.83,0.845,0.802,0.778,0.823,0.824,0.822,0.85,0.847,0.835,0.809,0.756,0.818,0.821,0.819,0.825,0.835,0.825,0.804,0.766,0.82,0.816,0.816,0.819,0.813,0.818,0.792,0.724,0.797,0.806,0.806,0.804,0.805,0.8,0.762
9:15:00,0.755,0.816,0.814,0.813,0.818,0.82,0.816,0.78,0.771,0.82,0.827,0.829,0.829,0.836,0.826,0.797,0.765,0.816,0.821,0.823,0.825,0.83,0.841,0.8,0.76,0.816,0.823,0.823,0.845,0.83,0.847,0.803,0.778,0.824,0.825,0.823,0.85,0.848,0.836,0.81,0.756,0.819,0.822,0.819,0.825,0.835,0.825,0.804,0.766,0.82,0.817,0.817,0.819,0.813,0.819,0.792,0.724,0.798,0.806,0.806,0.804,0.805,0.8,0.762
9:30:00,0.754,0.816,0.815,0.814,0.818,0.819,0.816,0.779,0.771,0.821,0.828,0.83,0.83,0.837,0.827,0.797,0.765,0.817,0.822,0.824,0.826,0.831,0.842,0.8,0.76,0.817,0.824,0.824,0.846,0.831,0.848,0.803,0.778,0.825,0.825,0.823,0.851,0.848,0.837,0.81,0.756,0.82,0.823,0.82,0.826,0.836,0.826,0.804,0.766,0.821,0.817,0.818,0.82,0.814,0.819,0.791,0.723,0.798,0.807,0.807,0.804,0.805,0.8,0.762
9:45:00,0.755,0.816,0.816,0.815,0.819,0.82,0.816,0.779,0.771,0.822,0.829,0.831,0.831,0.839,0.828,0.797,0.765,0.817,0.822,0.825,0.827,0.832,0.843,0.8,0.76,0.818,0.824,0.824,0.847,0.832,0.849,0.802,0.778,0.826,0.826,0.825,0.851,0.849,0.838,0.81,0.756,0.821,0.824,0.821,0.827,0.837,0.827,0.804,0.766,0.822,0.818,0.819,0.821,0.815,0.82,0.791,0.723,0.798,0.808,0.807,0.805,0.806,0.801,0.761
10:00:00,0.753,0.817,0.816,0.815,0.819,0.82,0.816,0.777,0.771,0.823,0.83,0.832,0.832,0.84,0.829,0.797,0.765,0.818,0.823,0.825,0.828,0.833,0.844,0.8,0.76,0.819,0.825,0.825,0.848,0.833,0.85,0.802,0.778,0.827,0.827,0.825,0.852,0.849,0.838,0.81,0.756,0.822,0.825,0.822,0.827,0.837,0.828,0.804,0.766,0.823,0.819,0.82,0.822,0.816,0.821,0.791,0.722,0.798,0.808,0.808,0.805,0.806,0.8,0.761
10:15:00,0.753,0.817,0.816,0.815,0.819,0.82,0.816,0.777,0.771,0.824,0.831,0.833,0.833,0.841,0.83,0.797,0.765,0.819,0.824,0.826,0.83,0.834,0.845,0.8,0.759,0.82,0.826,0.826,0.849,0.834,0.852,0.802,0.778,0.828,0.828,0.826,0.852,0.85,0.839,0.81,0.756,0.823,0.826,0.822,0.828,0.838,0.829,0.803,0.765,0.824,0.82,0.821,0.823,0.817,0.822,0.791,0.721,0.798,0.809,0.808,0.805,0.806,0.801,0.76
10:30:00,0.753,0.817,0.817,0.816,0.819,0.82,0.816,0.777,0.771,0.825,0.832,0.834,0.834,0.842,0.831,0.797,0.765,0.82,0.825,0.827,0.831,0.835,0.847,0.8,0.759,0.821,0.827,0.827,0.85,0.835,0.852,0.802,0.778,0.829,0.829,0.828,0.853,0.851,0.841,0.809,0.756,0.824,0.827,0.823,0.829,0.839,0.83,0.804,0.765,0.825,0.822,0.823,0.824,0.818,0.824,0.791,0.72,0.798,0.81,0.809,0.806,0.806,0.801,0.759
10:45:00,0.752,0.818,0.817,0.816,0.82,0.82,0.816,0.775,0.771,0.826,0.833,0.835,0.835,0.844,0.832,0.797,0.765,0.821,0.826,0.828,0.832,0.837,0.848,0.799,0.759,0.822,0.828,0.827,0.851,0.836,0.854,0.802,0.778,0.831,0.83,0.829,0.854,0.851,0.842,0.81,0.756,0.826,0.828,0.824,0.83,0.84,0.831,0.804,0.765,0.826,0.823,0.824,0.826,0.82,0.825,0.791,0.719,0.799,0.811,0.809,0.806,0.806,0.801,0.758
11:00:00,0.752,0.818,0.818,0.817,0.82,0.82,0.816,0.774,0.77,0.827,0.835,0.836,0.837,0.845,0.833,0.797,0.764,0.822,0.827,0.829,0.834,0.838,0.849,0.8,0.759,0.824,0.83,0.828,0.852,0.838,0.856,0.802,0.778,0.832,0.831,0.83,0.855,0.852,0.843,0.809,0.755,0.827,0.83,0.825,0.831,0.841,0.833,0.804,0.765,0.827,0.824,0.826,0.827,0.821,0.826,0.791,0.719,0.799,0.812,0.81,0.807,0.806,0.801,0.758
11:15:00,0.752,0.819,0.818,0.817,0.821,0.82,0.816,0.774,0.77,0.829,0.836,0.837,0.838,0.847,0.835,0.796,0.764,0.823,0.829,0.83,0.836,0.84,0.851,0.799,0.759,0.825,0.831,0.829,0.853,0.839,0.858,0.802,0.778,0.834,0.833,0.831,0.856,0.853,0.844,0.809,0.755,0.829,0.831,0.826,0.832,0.842,0.834,0.803,0.765,0.828,0.826,0.828,0.829,0.822,0.828,0.791,0.72,0.799,0.812,0.811,0.807,0.807,0.801,0.756
11:30:00,0.751,0.82,0.819,0.818,0.821,0.821,0.816,0.773,0.77,0.83,0.838,0.839,0.84,0.85,0.837,0.796,0.764,0.825,0.83,0.831,0.838,0.842,0.853,0.799,0.759,0.826,0.833,0.83,0.854,0.841,0.86,0.802,0.778,0.836,0.834,0.833,0.857,0.854,0.846,0.809,0.755,0.83,0.833,0.827,0.833,0.843,0.836,0.804,0.764,0.83,0.827,0.829,0.83,0.824,0.83,0.791,0.718,0.8,0.814,0.812,0.808,0.807,0.801,0.756
11:45:00,0.75,0.82,0.819,0.819,0.822,0.821,0.816,0.773,0.77,0.832,0.84,0.841,0.842,0.852,0.838,0.796,0.764,0.827,0.831,0.833,0.84,0.844,0.855,0.799,0.759,0.828,0.834,0.831,0.856,0.842,0.863,0.802,0.778,0.839,0.836,0.835,0.858,0.855,0.848,0.809,0.755,0.833,0.835,0.829,0.835,0.844,0.838,0.804,0.765,0.831,0.829,0.832,0.833,0.826,0.832,0.791,0.719,0.8,0.815,0.813,0.809,0.808,0.802,0.755
12:00:00,0.751,0.821,0.82,0.82,0.823,0.822,0.816,0.772,0.77,0.834,0.842,0.843,0.844,0.854,0.84,0.796,0.764,0.828,0.833,0.834,0.842,0.847,0.857,0.799,0.759,0.83,0.836,0.832,0.858,0.844,0.866,0.802,0.778,0.841,0.838,0.837,0.859,0.857,0.85,0.809,0.755,0.835,0.837,0.83,0.837,0.846,0.839,0.804,0.765,0.833,0.831,0.834,0.835,0.828,0.834,0.79,0.717,0.801,0.817,0.814,0.81,0.809,0.802,0.755
12:15:00,0.75,0.821,0.821,0.821,0.823,0.822,0.816,0.771,0.77,0.836,0.845,0.845,0.846,0.857,0.842,0.796,0.764,0.83,0.835,0.836,0.845,0.849,0.859,0.799,0.759,0.832,0.838,0.834,0.859,0.846,0.868,0.802,0.778,0.844,0.839,0.839,0.861,0.858,0.852,0.809,0.755,0.837,0.839,0.833,0.838,0.848,0.842,0.804,0.764,0.835,0.833,0.836,0.837,0.83,0.836,0.79,0.717,0.802,0.818,0.815,0.81,0.809,0.802,0.755
12:30:00,0.749,0.822,0.822,0.822,0.824,0.822,0.816,0.77,0.77,0.838,0.847,0.847,0.848,0.859,0.844,0.796,0.764,0.832,0.837,0.838,0.847,0.852,0.862,0.799,0.758,0.834,0.84,0.835,0.861,0.849,0.871,0.802,0.777,0.846,0.841,0.841,0.862,0.859,0.854,0.809,0.755,0.84,0.841,0.834,0.841,0.85,0.844,0.803,0.764,0.837,0.836,0.839,0.84,0.833,0.839,0.79,0.714,0.802,0.82,0.816,0.811,0.809,0.803,0.755
12:45:00,0.749,0.823,0.823,0.822,0.826,0.823,0.816,0.769,0.77,0.841,0.85,0.85,0.85,0.862,0.846,0.795,0.764,0.835,0.839,0.84,0.85,0.855,0.865,0.799,0.759,0.837,0.843,0.837,0.863,0.851,0.874,0.802,0.777,0.849,0.844,0.844,0.864,0.861,0.856,0.809,0.755,0.843,0.844,0.836,0.843,0.852,0.846,0.804,0.764,0.839,0.838,0.842,0.843,0.836,0.842,0.79,0.716,0.803,0.822,0.817,0.812,0.81,0.803,0.753
13:00:00,0.749,0.824,0.824,0.824,0.826,0.823,0.817,0.767,0.77,0.843,0.853,0.852,0.853,0.865,0.849,0.795,0.764,0.837,0.841,0.842,0.853,0.858,0.868,0.799,0.758,0.839,0.845,0.838,0.865,0.854,0.878,0.802,0.777,0.852,0.846,0.846,0.865,0.862,0.859,0.81,0.755,0.845,0.846,0.838,0.845,0.854,0.849,0.803,0.764,0.841,0.841,0.845,0.846,0.839,0.844,0.79,0.715,0.803,0.823,0.819,0.814,0.81,0.803,0.753
13:15:00,0.749,0.824,0.826,0.825,0.827,0.824,0.816,0.767,0.77,0.847,0.856,0.856,0.856,0.869,0.852,0.795,0.764,0.84,0.844,0.844,0.856,0.861,0.871,0.799,0.758,0.842,0.848,0.84,0.868,0.856,0.881,0.802,0.777,0.855,0.848,0.849,0.866,0.864,0.862,0.81,0.755,0.848,0.849,0.84,0.848,0.857,0.852,0.804,0.764,0.844,0.843,0.849,0.849,0.842,0.848,0.79,0.714,0.804,0.825,0.82,0.815,0.811,0.804,0.753
13:30:00,0.748,0.826,0.826,0.827,0.828,0.824,0.816,0.766,0.77,0.85,0.86,0.859,0.859,0.872,0.855,0.795,0.764,0.843,0.847,0.846,0.859,0.865,0.874,0.799,0.758,0.845,0.851,0.842,0.87,0.859,0.884,0.802,0.777,0.859,0.851,0.852,0.868,0.866,0.865,0.81,0.755,0.852,0.852,0.843,0.85,0.859,0.855,0.804,0.764,0.846,0.846,0.852,0.853,0.845,0.851,0.79,0.712,0.805,0.828,0.821,0.816,0.812,0.804,0.752
13:45:00,0.746,0.826,0.827,0.828,0.829,0.825,0.817,0.764,0.769,0.853,0.863,0.862,0.862,0.875,0.857,0.795,0.764,0.846,0.849,0.849,0.863,0.869,0.877,0.799,0.758,0.848,0.854,0.844,0.873,0.863,0.888,0.802,0.777,0.862,0.854,0.855,0.87,0.868,0.868,0.81,0.755,0.855,0.855,0.846,0.853,0.862,0.859,0.803,0.763,0.849,0.85,0.856,0.857,0.849,0.855,0.789,0.712,0.806,0.83,0.823,0.817,0.813,0.805,0.752
14:00:00,0.746,0.828,0.829,0.829,0.83,0.826,0.817,0.764,0.769,0.857,0.867,0.865,0.866,0.879,0.86,0.795,0.764,0.849,0.852,0.852,0.866,0.873,0.881,0.799,0.758,0.851,0.857,0.847,0.876,0.866,0.891,0.802,0.777,0.867,0.857,0.858,0.872,0.871,0.872,0.81,0.755,0.859,0.859,0.849,0.857,0.865,0.863,0.804,0.763,0.852,0.853,0.86,0.861,0.853,0.858,0.789,0.71,0.807,0.832,0.825,0.819,0.813,0.805,0.751
14:15:00,0.746,0.829,0.83,0.831,0.832,0.825,0.817,0.763,0.769,0.86,0.872,0.869,0.869,0.883,0.863,0.795,0.764,0.852,0.856,0.855,0.87,0.877,0.885,0.799,0.758,0.855,0.86,0.849,0.879,0.87,0.895,0.802,0.777,0.871,0.86,0.861,0.875,0.873,0.876,0.809,0.754,0.863,0.863,0.852,0.86,0.868,0.866,0.803,0.763,0.855,0.857,0.865,0.865,0.857,0.862,0.789,0.71,0.808,0.835,0.828,0.821,0.814,0.806,0.751
14:30:00,0.745,0.83,0.832,0.833,0.833,0.827,0.818,0.762,0.769,0.865,0.876,0.873,0.874,0.888,0.867,0.794,0.764,0.856,0.859,0.858,0.875,0.882,0.889,0.799,0.758,0.859,0.864,0.852,0.882,0.874,0.899,0.802,0.777,0.875,0.864,0.865,0.877,0.876,0.88,0.809,0.755,0.868,0.867,0.856,0.863,0.872,0.871,0.804,0.763,0.859,0.861,0.87,0.869,0.862,0.867,0.79,0.709,0.809,0.837,0.83,0.822,0.816,0.806,0.75
14:45:00,0.745,0.832,0.833,0.835,0.835,0.827,0.818,0.761,0.769,0.869,0.881,0.878,0.879,0.894,0.871,0.795,0.764,0.86,0.863,0.861,0.879,0.887,0.894,0.799,0.758,0.863,0.868,0.854,0.885,0.878,0.903,0.803,0.777,0.88,0.868,0.869,0.88,0.878,0.884,0.809,0.755,0.872,0.871,0.859,0.867,0.875,0.875,0.804,0.763,0.862,0.865,0.875,0.874,0.867,0.871,0.789,0.707,0.81,0.84,0.832,0.825,0.817,0.807,0.75
15:00:00,0.745,0.833,0.835,0.836,0.837,0.828,0.818,0.76,0.769,0.874,0.886,0.882,0.884,0.899,0.876,0.794,0.764,0.864,0.867,0.865,0.884,0.893,0.899,0.799,0.758,0.867,0.872,0.857,0.889,0.883,0.908,0.802,0.777,0.885,0.871,0.873,0.883,0.881,0.889,0.809,0.755,0.877,0.876,0.863,0.87,0.879,0.88,0.803,0.763,0.866,0.869,0.88,0.879,0.872,0.876,0.789,0.708,0.811,0.843,0.834,0.827,0.818,0.808,0.751
15:15:00,0.745,0.835,0.838,0.839,0.838,0.829,0.819,0.76,0.769,0.879,0.891,0.888,0.889,0.905,0.88,0.795,0.764,0.869,0.871,0.869,0.89,0.899,0.904,0.799,0.758,0.872,0.877,0.86,0.893,0.888,0.913,0.803,0.777,0.891,0.876,0.877,0.886,0.884,0.894,0.81,0.755,0.882,0.88,0.867,0.875,0.883,0.885,0.804,0.763,0.87,0.874,0.886,0.885,0.877,0.882,0.789,0.707,0.813,0.845,0.837,0.828,0.819,0.808,0.749
15:30:00,0.744,0.837,0.839,0.841,0.84,0.83,0.819,0.759,0.769,0.886,0.897,0.894,0.894,0.911,0.884,0.794,0.764,0.874,0.876,0.873,0.896,0.906,0.909,0.799,0.758,0.877,0.882,0.863,0.898,0.893,0.917,0.802,0.777,0.897,0.88,0.882,0.889,0.887,0.899,0.809,0.755,0.888,0.885,0.87,0.879,0.888,0.891,0.804,0.763,0.875,0.878,0.892,0.891,0.883,0.888,0.789,0.706,0.814,0.848,0.839,0.831,0.821,0.809,0.75
15:45:00,0.744,0.839,0.841,0.843,0.842,0.831,0.819,0.758,0.769,0.893,0.904,0.899,0.9,0.918,0.888,0.794,0.764,0.879,0.88,0.877,0.902,0.913,0.915,0.799,0.758,0.883,0.886,0.867,0.902,0.899,0.923,0.803,0.777,0.904,0.885,0.887,0.892,0.891,0.905,0.809,0.755,0.894,0.891,0.873,0.883,0.892,0.896,0.803,0.762,0.879,0.884,0.898,0.897,0.89,0.894,0.789,0.705,0.816,0.852,0.842,0.833,0.822,0.81,0.748
16:00:00,0.744,0.841,0.844,0.845,0.844,0.831,0.819,0.757,0.769,0.901,0.91,0.905,0.906,0.926,0.894,0.794,0.764,0.884,0.885,0.882,0.909,0.92,0.922,0.799,0.758,0.888,0.892,0.871,0.907,0.905,0.929,0.803,0.777,0.911,0.89,0.892,0.895,0.895,0.911,0.81,0.755,0.901,0.897,0.877,0.888,0.896,0.903,0.804,0.762,0.884,0.89,0.905,0.904,0.896,0.9,0.789,0.706,0.817,0.855,0.845,0.836,0.823,0.811,0.748
16:15:00,0.742,0.842,0.848,0.848,0.846,0.833,0.819,0.756,0.769,0.907,0.918,0.912,0.913,0.934,0.899,0.794,0.764,0.89,0.891,0.887,0.916,0.928,0.929,0.799,0.758,0.895,0.898,0.875,0.913,0.912,0.935,0.802,0.777,0.918,0.895,0.898,0.899,0.899,0.918,0.809,0.754,0.908,0.903,0.881,0.894,0.902,0.909,0.804,0.762,0.89,0.896,0.912,0.912,0.903,0.907,0.789,0.704,0.819,0.858,0.848,0.838,0.825,0.812,0.747
16:30:00,0.742,0.844,0.849,0.85,0.849,0.834,0.82,0.778,0.769,0.914,0.925,0.919,0.92,0.941,0.906,0.794,0.764,0.897,0.897,0.891,0.923,0.936,0.936,0.799,0.758,0.901,0.904,0.879,0.918,0.919,0.942,0.802,0.777,0.926,0.901,0.904,0.903,0.903,0.925,0.81,0.754,0.915,0.91,0.885,0.9,0.907,0.916,0.804,0.762,0.896,0.902,0.92,0.919,0.91,0.914,0.789,0.704,0.821,0.862,0.851,0.84,0.826,0.813,0.746
16:45:00,0.742,0.846,0.852,0.853,0.851,0.836,0.82,0.754,0.769,0.922,0.934,0.927,0.927,0.949,0.911,0.794,0.764,0.903,0.903,0.897,0.931,0.945,0.943,0.799,0.758,0.908,0.911,0.883,0.924,0.926,0.948,0.803,0.777,0.935,0.907,0.911,0.907,0.907,0.933,0.809,0.754,0.923,0.917,0.89,0.906,0.912,0.924,0.803,0.762,0.902,0.909,0.928,0.928,0.917,0.921,0.788,0.704,0.822,0.866,0.854,0.844,0.828,0.814,0.745
17:00:00,0.742,0.848,0.855,0.855,0.852,0.836,0.82,0.754,0.769,0.929,0.942,0.934,0.935,0.958,0.918,0.794,0.764,0.911,0.909,0.903,0.939,0.953,0.951,0.799,0.758,0.915,0.918,0.888,0.93,0.934,0.957,0.803,0.777,0.943,0.913,0.918,0.911,0.912,0.941,0.81,0.754,0.931,0.925,0.895,0.913,0.919,0.932,0.804,0.762,0.908,0.917,0.936,0.936,0.925,0.93,0.788,0.702,0.824,0.869,0.857,0.847,0.83,0.815,0.746
17:15:00,0.741,0.85,0.858,0.858,0.855,0.838,0.821,0.752,0.769,0.938,0.951,0.943,0.943,0.966,0.925,0.794,0.764,0.918,0.916,0.909,0.947,0.962,0.959,0.799,0.758,0.922,0.926,0.893,0.937,0.943,0.964,0.803,0.777,0.952,0.92,0.925,0.916,0.917,0.95,0.81,0.754,0.939,0.933,0.9,0.921,0.925,0.941,0.804,0.762,0.915,0.924,0.944,0.946,0.934,0.939,0.788,0.702,0.826,0.875,0.862,0.849,0.832,0.816,0.746
17:30:00,0.74,0.853,0.861,0.861,0.856,0.839,0.821,0.75,0.768,0.947,0.96,0.951,0.951,0.975,0.933,0.794,0.764,0.926,0.924,0.916,0.955,0.971,0.967,0.799,0.758,0.93,0.934,0.899,0.944,0.951,0.972,0.803,0.777,0.96,0.927,0.933,0.921,0.923,0.959,0.81,0.754,0.948,0.941,0.906,0.93,0.932,0.95,0.804,0.762,0.922,0.932,0.953,0.955,0.942,0.948,0.788,0.701,0.828,0.878,0.865,0.852,0.835,0.817,0.75
17:45:00,0.739,0.855,0.864,0.864,0.859,0.84,0.822,0.75,0.769,0.957,0.97,0.96,0.959,0.984,0.942,0.793,0.764,0.935,0.932,0.923,0.964,0.981,0.975,0.799,0.758,0.938,0.942,0.904,0.951,0.961,0.979,0.803,0.777,0.969,0.934,0.941,0.927,0.929,0.967,0.81,0.754,0.956,0.949,0.912,0.94,0.939,0.959,0.804,0.762,0.93,0.939,0.962,0.964,0.95,0.958,0.788,0.7,0.83,0.881,0.867,0.855,0.837,0.818,0.751
18:00:00,0.74,0.857,0.868,0.867,0.861,0.842,0.822,0.75,0.769,0.967,0.979,0.969,0.967,0.992,0.95,0.794,0.764,0.943,0.94,0.93,0.972,0.991,0.982,0.799,0.758,0.944,0.95,0.91,0.958,0.969,0.987,0.803,0.777,0.978,0.941,0.948,0.933,0.935,0.976,0.81,0.754,0.964,0.957,0.917,0.951,0.946,0.968,0.804,0.761,0.937,0.947,0.97,0.973,0.959,0.967,0.788,0.698,0.832,0.887,0.871,0.858,0.839,0.819,0.748
18:15:00,0.739,0.86,0.871,0.87,0.863,0.843,0.822,0.749,0.768,0.976,0.989,0.976,0.975,1,0.957,0.793,0.764,0.951,0.948,0.937,0.98,1,0.989,0.799,0.758,0.951,0.957,0.917,0.966,0.979,0.993,0.803,0.777,0.986,0.948,0.956,0.94,0.942,0.985,0.81,0.754,0.971,0.965,0.924,0.962,0.954,0.976,0.804,0.761,0.945,0.954,0.977,0.981,0.966,0.975,0.788,0.697,0.834,0.889,0.874,0.862,0.842,0.82,0.753
18:30:00,0.738,0.863,0.874,0.873,0.866,0.845,0.823,0.747,0.769,0.986,0.999,0.985,0.983,1.007,0.964,0.793,0.764,0.959,0.958,0.944,0.989,1.009,0.995,0.799,0.758,0.957,0.965,0.923,0.974,0.988,1,0.803,0.777,0.995,0.956,0.963,0.947,0.949,0.993,0.81,0.754,0.978,0.972,0.931,0.974,0.96,0.984,0.804,0.761,0.951,0.961,0.984,0.988,0.974,0.983,0.788,0.697,0.837,0.895,0.879,0.865,0.844,0.821,0.761
18:45:00,0.738,0.866,0.876,0.877,0.869,0.846,0.824,0.747,0.769,0.996,1.009,0.991,0.991,1.013,0.97,0.793,0.764,0.966,0.969,0.95,0.997,1.017,1.001,0.799,0.758,0.964,0.972,0.93,0.982,0.997,1.005,0.803,0.777,1.004,0.963,0.97,0.954,0.956,1.001,0.81,0.754,0.985,0.979,0.939,0.985,0.967,0.99,0.804,0.761,0.958,0.968,0.99,0.995,0.98,0.99,0.788,0.696,0.839,0.901,0.883,0.868,0.845,0.823,0.758
19:00:00,0.738,0.869,0.879,0.881,0.872,0.848,0.824,0.746,0.768,1.007,1.017,0.997,0.998,1.019,0.977,0.793,0.764,0.973,0.982,0.956,1.005,1.025,1.006,0.799,0.758,0.97,0.979,0.937,0.989,1.007,1.009,0.803,0.776,1.012,0.97,0.976,0.962,0.964,1.009,0.81,0.754,0.991,0.986,0.947,0.996,0.972,0.998,0.804,0.761,0.963,0.973,0.995,1,0.986,0.995,0.787,0.694,0.841,0.906,0.889,0.872,0.847,0.823,0.742
19:15:00,0.736,0.872,0.882,0.883,0.874,0.849,0.824,0.745,0.768,1.016,1.026,1.003,1.004,1.024,0.981,0.793,0.764,0.979,0.994,0.962,1.014,1.033,1.01,0.799,0.758,0.975,0.986,0.943,0.997,1.017,1.013,0.803,0.777,1.019,0.978,0.982,0.97,0.972,1.015,0.81,0.754,0.996,0.993,0.956,1.006,0.977,1.003,0.804,0.761,0.967,0.978,1,1.005,0.991,0.999,0.788,0.694,0.844,0.912,0.891,0.876,0.85,0.824,0.746
19:30:00,0.737,0.876,0.885,0.888,0.877,0.851,0.825,0.744,0.769,1.024,1.034,1.008,1.01,1.029,0.985,0.793,0.764,0.984,1.002,0.968,1.021,1.039,1.014,0.8,0.759,0.98,0.993,0.95,1.005,1.025,1.016,0.803,0.777,1.025,0.985,0.988,0.978,0.979,1.021,0.81,0.754,1.001,1.001,0.963,1.015,0.982,1.007,0.804,0.761,0.969,0.982,1.003,1.009,0.995,1.002,0.787,0.693,0.846,0.921,0.896,0.88,0.853,0.826,0.751
19:45:00,0.736,0.879,0.891,0.891,0.881,0.853,0.825,0.743,0.768,1.03,1.041,1.012,1.016,1.032,0.987,0.793,0.764,0.989,1.009,0.974,1.027,1.045,1.018,0.8,0.759,0.984,0.999,0.956,1.013,1.032,1.019,0.804,0.777,1.028,0.992,0.994,0.985,0.987,1.026,0.81,0.754,1.005,1.006,0.969,1.022,0.988,1.01,0.804,0.761,0.971,0.985,1.005,1.012,0.999,1.004,0.787,0.692,0.848,0.923,0.9,0.884,0.855,0.827,0.747
20:00:00,0.735,0.883,0.894,0.895,0.884,0.854,0.825,0.743,0.768,1.036,1.046,1.016,1.021,1.034,0.988,0.793,0.764,0.992,1.013,0.979,1.03,1.048,1.021,0.799,0.759,0.987,1.004,0.963,1.021,1.037,1.022,0.804,0.776,1.031,0.998,0.999,0.992,0.994,1.029,0.81,0.754,1.009,1.011,0.974,1.024,0.993,1.012,0.804,0.76,0.972,0.987,1.008,1.015,1.002,1.006,0.788,0.691,0.851,0.928,0.905,0.889,0.858,0.829,0.76
20:15:00,0.735,0.887,0.899,0.9,0.886,0.856,0.827,0.741,0.768,1.04,1.049,1.019,1.025,1.038,0.992,0.793,0.764,0.995,1.017,0.984,1.033,1.051,1.024,0.799,0.759,0.99,1.008,0.969,1.028,1.041,1.023,0.804,0.777,1.033,1.002,1.004,0.998,1.002,1.033,0.811,0.754,1.012,1.015,0.98,1.025,1,1.014,0.804,0.761,0.973,0.989,1.01,1.017,1.004,1.007,0.788,0.69,0.854,0.932,0.912,0.893,0.86,0.829,0.754
20:30:00,0.734,0.891,0.903,0.905,0.889,0.858,0.827,0.74,0.768,1.042,1.052,1.024,1.028,1.041,0.994,0.793,0.764,0.998,1.02,0.989,1.035,1.052,1.026,0.8,0.759,0.993,1.01,0.973,1.033,1.045,1.025,0.804,0.777,1.034,1.006,1.007,1.004,1.009,1.035,0.81,0.754,1.013,1.017,0.986,1.027,1.007,1.015,0.805,0.76,0.973,0.99,1.012,1.019,1.006,1.009,0.788,0.69,0.858,0.935,0.918,0.898,0.862,0.831,0.754
20:45:00,0.734,0.893,0.906,0.906,0.892,0.859,0.827,0.739,0.768,1.044,1.055,1.027,1.032,1.044,0.993,0.793,0.764,1,1.021,0.993,1.037,1.054,1.029,0.8,0.759,0.994,1.013,0.976,1.038,1.047,1.027,0.804,0.777,1.036,1.01,1.01,1.011,1.017,1.038,0.811,0.754,1.016,1.02,0.999,1.029,1.013,1.017,0.804,0.76,0.974,0.991,1.013,1.021,1.008,1.011,0.787,0.689,0.859,0.932,0.923,0.901,0.865,0.833,0.737
21:00:00,0.733,0.895,0.91,0.912,0.897,0.861,0.828,0.737,0.768,1.045,1.057,1.03,1.035,1.047,0.995,0.792,0.764,1.002,1.022,0.997,1.038,1.055,1.031,0.8,0.759,0.995,1.014,0.979,1.042,1.048,1.029,0.804,0.776,1.036,1.013,1.012,1.016,1.023,1.04,0.811,0.754,1.017,1.021,1.005,1.032,1.019,1.019,0.804,0.76,0.975,0.993,1.015,1.023,1.01,1.011,0.787,0.688,0.862,0.941,0.926,0.906,0.868,0.834,0.741
21:15:00,0.732,0.898,0.915,0.916,0.899,0.863,0.828,0.737,0.768,1.047,1.059,1.034,1.037,1.047,0.994,0.793,0.764,1.003,1.022,1.001,1.038,1.055,1.033,0.8,0.759,0.997,1.015,0.981,1.044,1.049,1.032,0.804,0.776,1.037,1.014,1.014,1.021,1.027,1.043,0.811,0.754,1.019,1.022,1.009,1.036,1.025,1.02,0.804,0.76,0.977,0.994,1.015,1.024,1.011,1.012,0.787,0.688,0.865,0.937,0.931,0.911,0.871,0.835,0.735
21:30:00,0.731,0.902,0.919,0.92,0.902,0.866,0.829,0.736,0.769,1.049,1.06,1.036,1.039,1.048,0.998,0.793,0.764,1.005,1.022,1.005,1.038,1.055,1.035,0.8,0.759,0.997,1.017,0.984,1.047,1.05,1.034,0.804,0.776,1.037,1.016,1.017,1.027,1.028,1.045,0.811,0.754,1.02,1.024,1.011,1.038,1.03,1.022,0.804,0.76,0.977,0.996,1.016,1.025,1.013,1.013,0.787,0.688,0.869,0.941,0.935,0.914,0.874,0.836,0.742
21:45:00,0.732,0.902,0.923,0.922,0.905,0.867,0.828,0.735,0.768,1.049,1.061,1.037,1.04,1.049,1.004,0.793,0.764,1.006,1.022,1.008,1.038,1.055,1.036,0.8,0.759,0.998,1.018,0.985,1.049,1.05,1.036,0.804,0.776,1.037,1.016,1.019,1.033,1.031,1.046,0.811,0.754,1.02,1.024,1.009,1.04,1.033,1.023,0.804,0.76,0.978,0.997,1.017,1.025,1.013,1.015,0.787,0.686,0.872,0.944,0.939,0.917,0.877,0.837,0.744
22:00:00,0.731,0.904,0.927,0.924,0.909,0.869,0.829,0.758,0.768,1.049,1.061,1.038,1.04,1.049,1.007,0.793,0.764,1.007,1.021,1.011,1.038,1.055,1.037,0.8,0.759,0.999,1.019,0.987,1.05,1.05,1.037,0.804,0.776,1.037,1.017,1.021,1.038,1.033,1.047,0.811,0.754,1.021,1.025,1.01,1.043,1.037,1.024,0.805,0.76,0.98,0.998,1.018,1.025,1.013,1.015,0.787,0.685,0.875,0.936,0.939,0.921,0.879,0.839,0.739
22:15:00,0.731,0.908,0.934,0.924,0.911,0.871,0.83,0.733,0.768,1.05,1.061,1.039,1.04,1.049,1.003,0.793,0.764,1.007,1.02,1.014,1.037,1.054,1.037,0.8,0.759,1,1.019,0.989,1.051,1.049,1.038,0.805,0.776,1.037,1.017,1.023,1.042,1.035,1.047,0.811,0.754,1.021,1.025,1.014,1.046,1.04,1.025,0.805,0.76,0.981,0.999,1.019,1.025,1.014,1.016,0.787,0.685,0.878,0.942,0.941,0.923,0.882,0.841,0.753
22:30:00,0.729,0.911,0.935,0.925,0.912,0.874,0.829,0.731,0.768,1.05,1.061,1.04,1.041,1.048,1.003,0.792,0.764,1.007,1.019,1.016,1.038,1.053,1.038,0.8,0.759,1,1.02,0.99,1.051,1.048,1.038,0.804,0.776,1.036,1.016,1.024,1.044,1.038,1.048,0.811,0.754,1.021,1.025,1.015,1.048,1.042,1.026,0.805,0.759,0.982,0.999,1.02,1.026,1.014,1.016,0.787,0.684,0.881,0.942,0.941,0.923,0.885,0.843,0.752
22:45:00,0.729,0.908,0.937,0.925,0.916,0.875,0.829,0.73,0.768,1.051,1.062,1.04,1.041,1.05,1.006,0.792,0.764,1.008,1.018,1.017,1.038,1.053,1.038,0.8,0.759,1.001,1.02,0.993,1.051,1.048,1.039,0.804,0.776,1.036,1.016,1.025,1.046,1.04,1.048,0.811,0.754,1.02,1.025,1.016,1.05,1.044,1.026,0.805,0.759,0.983,1,1.021,1.026,1.014,1.015,0.787,0.682,0.885,0.953,0.941,0.924,0.889,0.844,0.752
23:00:00,0.728,0.905,0.933,0.924,0.917,0.878,0.829,0.729,0.768,1.05,1.062,1.041,1.04,1.05,1.014,0.792,0.764,1.008,1.018,1.017,1.038,1.052,1.038,0.8,0.759,1.001,1.021,0.995,1.051,1.047,1.039,0.805,0.776,1.036,1.016,1.025,1.046,1.042,1.047,0.811,0.753,1.02,1.025,1.016,1.051,1.045,1.026,0.805,0.759,0.984,1,1.022,1.026,1.015,1.017,0.786,0.682,0.888,0.962,0.942,0.926,0.892,0.846,0.746
23:15:00,0.727,0.907,0.931,0.923,0.916,0.88,0.829,0.729,0.768,1.048,1.063,1.042,1.04,1.048,1.017,0.792,0.764,1.008,1.017,1.017,1.038,1.052,1.038,0.8,0.759,1.002,1.021,0.997,1.051,1.045,1.039,0.805,0.776,1.035,1.016,1.025,1.046,1.044,1.046,0.812,0.754,1.02,1.025,1.016,1.052,1.046,1.027,0.805,0.759,0.986,1,1.022,1.026,1.015,1.017,0.786,0.681,0.891,0.965,0.942,0.925,0.897,0.847,0.741
23:30:00,0.727,0.906,0.931,0.921,0.916,0.881,0.828,0.726,0.768,1.049,1.062,1.043,1.04,1.05,1.019,0.791,0.764,1.009,1.016,1.017,1.039,1.051,1.038,0.8,0.759,1.002,1.021,0.998,1.05,1.044,1.038,0.805,0.776,1.034,1.014,1.025,1.046,1.045,1.045,0.812,0.753,1.02,1.024,1.016,1.054,1.048,1.027,0.805,0.759,0.986,1,1.022,1.025,1.015,1.018,0.786,0.679,0.895,0.973,0.944,0.927,0.897,0.848,0.736
23:45:00,0.726,0.908,0.93,0.92,0.914,0.883,0.827,0.725,0.768,1.049,1.063,1.042,1.04,1.048,1.018,0.792,0.764,1.009,1.016,1.017,1.04,1.051,1.039,0.8,0.759,1.003,1.021,1,1.05,1.044,1.038,0.805,0.776,1.034,1.015,1.025,1.046,1.047,1.046,0.811,0.753,1.02,1.024,1.017,1.055,1.049,1.027,0.805,0.759,0.986,1,1.022,1.025,1.015,1.017,0.786,0.679,0.893,0.976,0.96,0.925,0.902,0.849,0.728
24:00:00,0.726,0.912,0.925,0.924,0.912,0.884,0.829,0.758,0.768,1.047,1.063,1.043,1.039,1.049,1.02,0.792,0.764,1.009,1.015,1.017,1.04,1.05,1.039,0.8,0.759,1.003,1.021,1.002,1.049,1.042,1.038,0.805,0.776,1.034,1.014,1.024,1.045,1.048,1.045,0.812,0.754,1.02,1.023,1.017,1.055,1.05,1.028,0.805,0.758,0.988,1,1.022,1.025,1.014,1.019,0.786,0.677,0.895,0.979,0.962,0.925,0.903,0.851,0.741
24:15:00,0.725,0.915,0.924,0.922,0.911,0.886,0.828,0.728,0.768,1.048,1.064,1.044,1.04,1.05,1.015,0.791,0.764,1.009,1.015,1.017,1.041,1.049,1.039,0.8,0.759,1.003,1.021,1.003,1.049,1.042,1.038,0.805,0.776,1.033,1.014,1.023,1.045,1.049,1.045,0.812,0.753,1.019,1.022,1.016,1.056,1.05,1.027,0.805,0.759,0.99,1.001,1.022,1.025,1.015,1.019,0.786,0.678,0.896,0.991,0.966,0.926,0.908,0.852,0.744
24:30:00,0.724,0.922,0.926,0.92,0.915,0.889,0.825,0.72,0.768,1.047,1.064,1.045,1.039,1.047,1.011,0.792,0.764,1.01,1.015,1.016,1.042,1.05,1.04,0.8,0.759,1.004,1.021,1.004,1.049,1.041,1.039,0.805,0.776,1.034,1.014,1.023,1.045,1.051,1.045,0.812,0.753,1.02,1.022,1.017,1.057,1.051,1.028,0.805,0.759,0.99,1.002,1.023,1.025,1.016,1.02,0.786,0.675,0.901,0.989,0.99,0.928,0.907,0.854,0.744
24:45:00,0.725,0.93,0.926,0.919,0.912,0.889,0.826,0.719,0.768,1.047,1.065,1.045,1.039,1.049,1.016,0.791,0.764,1.01,1.015,1.016,1.042,1.049,1.04,0.8,0.759,1.004,1.021,1.006,1.048,1.04,1.039,0.805,0.776,1.033,1.014,1.022,1.044,1.051,1.045,0.812,0.753,1.02,1.022,1.017,1.057,1.052,1.028,0.805,0.759,0.991,1.002,1.023,1.025,1.015,1.021,0.786,0.673,0.897,0.988,0.97,0.94,0.912,0.854,0.742
25:00:00,0.724,0.941,0.939,0.923,0.913,0.894,0.826,0.718,0.768,1.048,1.065,1.045,1.039,1.046,1.02,0.791,0.764,1.011,1.014,1.016,1.042,1.048,1.04,0.8,0.759,1.005,1.021,1.006,1.048,1.04,1.039,0.805,0.776,1.033,1.015,1.021,1.044,1.051,1.044,0.812,0.753,1.02,1.022,1.017,1.058,1.052,1.029,0.805,0.758,0.994,1.003,1.023,1.025,1.015,1.023,0.786,0.673,0.9,1.014,0.99,0.945,0.91,0.856,0.742
25:15:00,0.724,0.962,0.942,0.929,0.912,0.894,0.825,0.72,0.768,1.049,1.065,1.045,1.039,1.049,1.016,0.791,0.764,1.011,1.014,1.016,1.042,1.048,1.039,0.8,0.759,1.006,1.021,1.007,1.047,1.039,1.039,0.806,0.776,1.033,1.015,1.02,1.043,1.052,1.044,0.812,0.753,1.02,1.022,1.016,1.058,1.052,1.029,0.805,0.758,0.994,1.003,1.023,1.025,1.015,1.021,0.786,0.674,0.902,1.003,0.986,0.951,0.917,0.858,0.728
25:30:00,0.723,0.943,0.948,0.924,0.919,0.895,0.823,0.723,0.767,1.05,1.065,1.045,1.039,1.049,1.024,0.791,0.764,1.011,1.014,1.016,1.042,1.047,1.039,0.8,0.759,1.006,1.021,1.008,1.047,1.039,1.039,0.806,0.776,1.033,1.016,1.019,1.043,1.052,1.044,0.812,0.753,1.02,1.023,1.016,1.058,1.052,1.029,0.805,0.758,0.994,1.004,1.023,1.026,1.016,1.022,0.786,0.672,0.902,0.995,0.995,0.964,0.927,0.858,0.726
25:45:00,0.722,0.948,0.954,0.943,0.916,0.895,0.822,0.721,0.768,1.052,1.066,1.045,1.039,1.05,1.025,0.791,0.764,1.011,1.014,1.016,1.043,1.046,1.039,0.8,0.759,1.007,1.021,1.008,1.047,1.038,1.039,0.806,0.776,1.032,1.016,1.019,1.043,1.053,1.043,0.812,0.753,1.02,1.022,1.016,1.058,1.052,1.029,0.805,0.758,0.995,1.004,1.023,1.026,1.016,1.023,0.786,0.669,0.899,1,0.98,0.965,0.917,0.859,0.727
26:00:00,0.722,0.969,0.957,0.945,0.917,0.894,0.823,0.723,0.768,1.053,1.067,1.045,1.039,1.047,1.026,0.791,0.765,1.012,1.014,1.016,1.044,1.046,1.039,0.8,0.759,1.007,1.02,1.009,1.046,1.038,1.039,0.806,0.776,1.033,1.017,1.018,1.042,1.053,1.043,0.812,0.753,1.021,1.023,1.016,1.059,1.051,1.029,0.805,0.758,0.997,1.005,1.023,1.026,1.016,1.023,0.785,0.668,0.9,1.006,0.977,0.963,0.924,0.86,0.73
26:15:00,0.721,0.966,0.968,0.942,0.918,0.895,0.822,0.719,0.767,1.047,1.067,1.045,1.039,1.048,1.021,0.79,0.764,1.012,1.014,1.016,1.043,1.045,1.04,0.8,0.759,1.007,1.02,1.009,1.046,1.037,1.039,0.806,0.776,1.033,1.017,1.017,1.042,1.053,1.043,0.812,0.753,1.021,1.022,1.016,1.059,1.051,1.029,0.805,0.758,0.997,1.005,1.023,1.026,1.015,1.024,0.786,0.667,0.901,0.995,0.974,0.984,0.917,0.862,0.738
26:30:00,0.719,0.975,0.974,0.952,0.919,0.895,0.82,0.734,0.767,1.043,1.067,1.046,1.039,1.047,1.016,0.79,0.764,1.013,1.014,1.016,1.044,1.045,1.039,0.8,0.759,1.008,1.02,1.008,1.046,1.037,1.039,0.806,0.776,1.032,1.017,1.016,1.042,1.053,1.043,0.812,0.753,1.02,1.022,1.016,1.059,1.05,1.029,0.805,0.758,0.997,1.006,1.023,1.026,1.015,1.023,0.785,0.666,0.896,1.002,0.968,0.964,0.918,0.864,0.725
26:45:00,0.719,0.972,0.975,0.949,0.923,0.895,0.821,0.73,0.767,1.044,1.067,1.046,1.039,1.049,1.019,0.79,0.765,1.013,1.014,1.016,1.044,1.045,1.04,0.8,0.759,1.008,1.02,1.008,1.047,1.036,1.039,0.806,0.777,1.033,1.017,1.016,1.042,1.054,1.043,0.813,0.754,1.02,1.022,1.016,1.059,1.048,1.029,0.805,0.758,0.998,1.006,1.023,1.026,1.016,1.025,0.785,0.664,0.907,0.981,0.985,0.986,0.921,0.864,0.727
27:00:00,0.718,0.972,0.975,0.958,0.922,0.892,0.819,0.742,0.768,1.045,1.068,1.046,1.04,1.051,1.017,0.79,0.765,1.013,1.014,1.017,1.044,1.045,1.039,0.801,0.759,1.008,1.02,1.008,1.047,1.036,1.039,0.806,0.776,1.033,1.017,1.015,1.041,1.054,1.043,0.813,0.753,1.02,1.022,1.016,1.059,1.048,1.029,0.805,0.758,0.998,1.007,1.023,1.026,1.016,1.025,0.785,0.662,0.913,0.974,0.968,0.975,0.93,0.865,0.729
27:15:00,0.722,0.966,0.98,0.95,0.92,0.893,0.818,0.737,0.767,1.044,1.068,1.046,1.04,1.048,1.018,0.79,0.765,1.014,1.014,1.017,1.044,1.045,1.039,0.8,0.759,1.009,1.02,1.008,1.048,1.036,1.039,0.806,0.776,1.033,1.018,1.015,1.041,1.053,1.043,0.813,0.753,1.02,1.022,1.016,1.059,1.047,1.029,0.805,0.757,0.999,1.006,1.024,1.026,1.016,1.026,0.785,0.662,0.906,0.976,0.968,0.966,0.924,0.867,0.734
27:30:00,0.796,0.97,0.974,0.96,0.927,0.891,0.817,0.726,0.767,1.045,1.068,1.047,1.04,1.048,1.019,0.79,0.764,1.014,1.014,1.017,1.045,1.045,1.039,0.8,0.759,1.009,1.021,1.008,1.048,1.036,1.039,0.806,0.776,1.033,1.018,1.014,1.041,1.053,1.043,0.812,0.753,1.02,1.022,1.016,1.058,1.045,1.029,0.805,0.757,0.998,1.007,1.024,1.026,1.016,1.024,0.785,0.66,0.912,0.985,0.962,0.965,0.932,0.866,0.725
27:45:00,0.734,0.966,0.972,0.958,0.929,0.891,0.819,0.721,0.767,1.045,1.069,1.046,1.04,1.051,1.023,0.789,0.765,1.014,1.015,1.017,1.045,1.044,1.039,0.8,0.759,1.009,1.02,1.008,1.049,1.036,1.039,0.806,0.776,1.033,1.018,1.014,1.042,1.052,1.043,0.813,0.753,1.02,1.022,1.016,1.058,1.044,1.029,0.806,0.757,0.999,1.006,1.023,1.026,1.015,1.023,0.784,0.658,0.919,0.975,0.958,0.96,0.935,0.866,0.719
28:00:00,0.797,0.958,0.968,0.95,0.928,0.89,0.818,0.727,0.767,1.045,1.069,1.048,1.041,1.049,1.027,0.789,0.765,1.015,1.015,1.017,1.045,1.045,1.038,0.8,0.759,1.01,1.021,1.008,1.05,1.036,1.039,0.806,0.776,1.033,1.019,1.013,1.041,1.053,1.044,0.813,0.753,1.02,1.022,1.016,1.058,1.043,1.029,0.806,0.757,0.997,1.006,1.024,1.027,1.017,1.023,0.785,0.657,0.904,0.963,0.954,0.955,0.94,0.868,0.728
28:15:00,0.745,0.947,0.969,0.952,0.928,0.893,0.817,0.718,0.767,1.044,1.069,1.048,1.039,1.048,1.022,0.789,0.765,1.015,1.015,1.018,1.046,1.044,1.038,0.8,0.759,1.01,1.021,1.008,1.051,1.034,1.039,0.806,0.776,1.033,1.02,1.013,1.041,1.053,1.043,0.813,0.753,1.02,1.022,1.016,1.057,1.041,1.029,0.805,0.757,0.996,1.007,1.024,1.027,1.017,1.023,0.785,0.654,0.908,0.96,0.952,0.957,0.944,0.868,0.728