Time,B2,B3,B4,B5,B6,B7,B8,B9,B10,B11,C2,C3,C4,C5,C6,C7,C8,C9,C10,C11,D2,D3,D4,D5,D6,D7,D8,D9,D10,D11,E2,E3,E4,E5,E6,E7,E8,E9,E10,E11,F2,F3,F4,F5,F6,F7,F8,F9,F10,F11,G2,G3,G4,G5,G6,G7,G8,G9,G10,G11
0:00:00,0.795,0.865,0.869,0.854,0.852,0.871,0.869,0.873,0.866,0.854,0.784,0.811,0.853,0.845,0.869,0.855,0.867,0.877,0.86,0.853,0.775,0.812,0.826,0.825,0.854,0.833,0.849,0.868,0.863,0.838,0.75,0.745,0.838,0.824,0.845,0.831,0.84,0.848,0.847,0.819,0.702,0.732,0.749,0.808,0.817,0.799,0.839,0.846,0.827,0.825,0.703,0.723,0.724,0.707,0.774,0.729,0.796,0.803,0.773,0.767
0:15:00,0.727,0.743,0.742,0.728,0.743,0.744,0.739,0.738,0.729,0.736,0.727,0.735,0.74,0.724,0.735,0.737,0.73,0.734,0.725,0.738,0.714,0.736,0.728,0.723,0.732,0.726,0.723,0.737,0.724,0.731,0.729,0.727,0.734,0.722,0.737,0.731,0.725,0.729,0.721,0.735,0.716,0.733,0.728,0.72,0.731,0.734,0.734,0.733,0.725,0.737,0.718,0.738,0.74,0.721,0.74,0.745,0.743,0.734,0.73,0.736
0:30:00,0.734,0.75,0.75,0.735,0.75,0.751,0.745,0.745,0.736,0.744,0.734,0.743,0.748,0.733,0.743,0.745,0.737,0.741,0.732,0.745,0.721,0.743,0.735,0.73,0.739,0.733,0.73,0.744,0.732,0.737,0.735,0.734,0.741,0.729,0.744,0.738,0.732,0.736,0.729,0.742,0.723,0.741,0.736,0.726,0.739,0.743,0.741,0.741,0.733,0.744,0.724,0.746,0.746,0.729,0.747,0.752,0.75,0.742,0.738,0.743
0:45:00,0.737,0.754,0.753,0.738,0.753,0.755,0.747,0.748,0.738,0.746,0.737,0.747,0.752,0.737,0.747,0.748,0.741,0.744,0.734,0.747,0.724,0.746,0.739,0.734,0.743,0.738,0.734,0.748,0.736,0.74,0.739,0.739,0.746,0.733,0.746,0.742,0.736,0.74,0.733,0.745,0.726,0.744,0.74,0.73,0.743,0.747,0.744,0.744,0.736,0.747,0.726,0.748,0.749,0.732,0.75,0.757,0.754,0.745,0.741,0.747
1:00:00,0.738,0.755,0.755,0.739,0.755,0.757,0.748,0.749,0.739,0.747,0.738,0.748,0.754,0.739,0.748,0.749,0.742,0.745,0.735,0.747,0.725,0.748,0.741,0.736,0.745,0.74,0.736,0.75,0.737,0.741,0.739,0.739,0.748,0.735,0.748,0.744,0.738,0.742,0.735,0.746,0.727,0.745,0.742,0.733,0.745,0.749,0.746,0.746,0.738,0.748,0.727,0.749,0.751,0.734,0.753,0.758,0.755,0.747,0.743,0.748
1:15:00,0.738,0.756,0.756,0.74,0.755,0.758,0.749,0.75,0.739,0.747,0.739,0.748,0.755,0.74,0.75,0.75,0.743,0.746,0.736,0.748,0.726,0.748,0.742,0.737,0.747,0.741,0.737,0.751,0.738,0.741,0.74,0.74,0.749,0.736,0.75,0.745,0.738,0.742,0.736,0.747,0.727,0.746,0.743,0.734,0.746,0.751,0.747,0.747,0.739,0.749,0.728,0.75,0.752,0.735,0.754,0.76,0.755,0.748,0.744,0.749
1:30:00,0.739,0.756,0.756,0.741,0.756,0.759,0.749,0.75,0.739,0.747,0.739,0.749,0.756,0.741,0.751,0.751,0.743,0.746,0.736,0.748,0.726,0.749,0.743,0.738,0.748,0.742,0.737,0.751,0.739,0.741,0.741,0.741,0.75,0.737,0.75,0.746,0.739,0.742,0.736,0.747,0.728,0.747,0.745,0.735,0.747,0.752,0.748,0.747,0.74,0.749,0.729,0.75,0.753,0.736,0.755,0.761,0.756,0.748,0.744,0.749
1:45:00,0.739,0.756,0.757,0.742,0.756,0.759,0.749,0.75,0.739,0.747,0.739,0.75,0.757,0.741,0.751,0.752,0.743,0.747,0.736,0.748,0.726,0.749,0.744,0.739,0.749,0.744,0.737,0.751,0.739,0.742,0.741,0.741,0.751,0.738,0.751,0.746,0.739,0.742,0.736,0.746,0.728,0.748,0.745,0.736,0.748,0.753,0.748,0.747,0.74,0.749,0.729,0.75,0.753,0.736,0.756,0.761,0.755,0.748,0.744,0.749
2:00:00,0.738,0.756,0.758,0.742,0.757,0.76,0.75,0.75,0.74,0.747,0.739,0.751,0.758,0.742,0.753,0.753,0.744,0.747,0.737,0.748,0.725,0.749,0.745,0.74,0.75,0.744,0.738,0.751,0.739,0.741,0.741,0.742,0.752,0.739,0.752,0.747,0.739,0.742,0.736,0.746,0.728,0.748,0.746,0.738,0.749,0.755,0.748,0.747,0.74,0.748,0.729,0.751,0.754,0.737,0.758,0.762,0.755,0.748,0.744,0.749
2:15:00,0.738,0.757,0.759,0.743,0.758,0.762,0.75,0.75,0.74,0.747,0.739,0.752,0.76,0.743,0.754,0.753,0.744,0.747,0.737,0.747,0.725,0.75,0.746,0.741,0.751,0.745,0.738,0.751,0.739,0.741,0.741,0.743,0.753,0.74,0.753,0.748,0.739,0.742,0.736,0.745,0.728,0.749,0.748,0.74,0.75,0.757,0.748,0.747,0.74,0.748,0.729,0.751,0.756,0.738,0.759,0.763,0.755,0.749,0.744,0.748
2:30:00,0.737,0.757,0.76,0.744,0.759,0.763,0.75,0.75,0.74,0.747,0.738,0.753,0.762,0.745,0.755,0.754,0.744,0.748,0.737,0.747,0.725,0.751,0.748,0.743,0.753,0.746,0.738,0.752,0.739,0.741,0.741,0.744,0.755,0.742,0.755,0.749,0.739,0.742,0.736,0.745,0.728,0.75,0.749,0.742,0.751,0.759,0.748,0.748,0.74,0.748,0.729,0.752,0.757,0.739,0.761,0.764,0.754,0.749,0.744,0.748
2:45:00,0.737,0.758,0.762,0.746,0.761,0.764,0.75,0.751,0.74,0.747,0.738,0.755,0.764,0.746,0.757,0.756,0.744,0.748,0.737,0.747,0.724,0.753,0.75,0.744,0.755,0.748,0.738,0.751,0.739,0.741,0.74,0.745,0.757,0.743,0.756,0.75,0.739,0.742,0.737,0.745,0.727,0.751,0.751,0.744,0.752,0.762,0.748,0.748,0.741,0.748,0.729,0.753,0.759,0.74,0.763,0.765,0.754,0.749,0.744,0.748
3:00:00,0.736,0.759,0.763,0.747,0.763,0.767,0.75,0.751,0.741,0.747,0.738,0.756,0.768,0.748,0.759,0.757,0.745,0.748,0.738,0.747,0.724,0.755,0.752,0.746,0.758,0.749,0.738,0.752,0.739,0.741,0.74,0.747,0.759,0.746,0.758,0.751,0.739,0.742,0.737,0.746,0.727,0.753,0.753,0.746,0.754,0.765,0.748,0.748,0.741,0.748,0.729,0.754,0.761,0.742,0.766,0.767,0.754,0.749,0.744,0.748
3:15:00,0.736,0.76,0.765,0.749,0.765,0.769,0.75,0.751,0.741,0.747,0.737,0.758,0.772,0.75,0.762,0.758,0.745,0.748,0.737,0.748,0.724,0.756,0.755,0.749,0.761,0.751,0.739,0.752,0.739,0.742,0.74,0.748,0.761,0.748,0.761,0.753,0.739,0.742,0.737,0.746,0.727,0.755,0.755,0.75,0.756,0.769,0.749,0.748,0.741,0.748,0.729,0.755,0.764,0.744,0.77,0.769,0.754,0.749,0.744,0.748
3:30:00,0.736,0.761,0.768,0.751,0.768,0.771,0.75,0.751,0.741,0.748,0.737,0.76,0.776,0.753,0.764,0.76,0.745,0.748,0.738,0.748,0.723,0.758,0.757,0.751,0.764,0.753,0.738,0.752,0.739,0.742,0.739,0.75,0.764,0.751,0.763,0.754,0.739,0.742,0.737,0.746,0.727,0.756,0.758,0.753,0.759,0.774,0.749,0.748,0.741,0.748,0.729,0.756,0.767,0.746,0.773,0.771,0.754,0.749,0.744,0.748
3:45:00,0.736,0.763,0.771,0.754,0.771,0.774,0.75,0.751,0.741,0.748,0.737,0.762,0.781,0.756,0.768,0.762,0.745,0.748,0.738,0.748,0.723,0.76,0.76,0.754,0.768,0.755,0.738,0.752,0.739,0.742,0.739,0.752,0.767,0.754,0.767,0.757,0.74,0.742,0.737,0.746,0.727,0.759,0.762,0.758,0.761,0.779,0.749,0.748,0.741,0.748,0.728,0.758,0.771,0.749,0.778,0.774,0.754,0.749,0.744,0.748
4:00:00,0.736,0.765,0.774,0.756,0.775,0.777,0.75,0.751,0.741,0.748,0.737,0.764,0.786,0.759,0.772,0.764,0.745,0.748,0.738,0.748,0.723,0.762,0.765,0.758,0.773,0.758,0.738,0.752,0.74,0.742,0.739,0.754,0.77,0.758,0.77,0.759,0.74,0.742,0.737,0.746,0.726,0.761,0.766,0.762,0.765,0.785,0.749,0.748,0.741,0.748,0.728,0.76,0.776,0.752,0.784,0.779,0.754,0.749,0.745,0.748
4:15:00,0.735,0.768,0.778,0.76,0.778,0.78,0.75,0.751,0.742,0.748,0.737,0.767,0.792,0.763,0.776,0.766,0.745,0.748,0.738,0.748,0.723,0.765,0.771,0.762,0.778,0.761,0.738,0.752,0.74,0.742,0.739,0.757,0.775,0.763,0.774,0.762,0.74,0.741,0.737,0.746,0.726,0.764,0.772,0.768,0.768,0.793,0.749,0.748,0.741,0.748,0.728,0.762,0.781,0.755,0.79,0.783,0.754,0.749,0.745,0.749
4:30:00,0.735,0.772,0.785,0.763,0.783,0.784,0.75,0.751,0.742,0.748,0.736,0.77,0.799,0.767,0.782,0.768,0.745,0.748,0.738,0.748,0.723,0.768,0.776,0.766,0.785,0.764,0.738,0.752,0.74,0.742,0.739,0.76,0.781,0.768,0.779,0.765,0.74,0.742,0.737,0.746,0.726,0.767,0.775,0.774,0.772,0.801,0.749,0.748,0.741,0.748,0.728,0.765,0.788,0.76,0.797,0.788,0.754,0.748,0.745,0.749
4:45:00,0.735,0.777,0.793,0.767,0.788,0.787,0.75,0.751,0.741,0.748,0.736,0.774,0.806,0.772,0.788,0.77,0.745,0.748,0.738,0.748,0.723,0.772,0.781,0.772,0.792,0.767,0.739,0.752,0.74,0.742,0.739,0.763,0.788,0.774,0.784,0.769,0.74,0.742,0.737,0.746,0.726,0.77,0.78,0.781,0.777,0.811,0.748,0.748,0.741,0.748,0.728,0.768,0.794,0.765,0.805,0.792,0.754,0.748,0.745,0.75
5:00:00,0.735,0.779,0.801,0.771,0.796,0.792,0.749,0.751,0.741,0.748,0.736,0.776,0.818,0.777,0.795,0.773,0.745,0.748,0.738,0.748,0.722,0.776,0.788,0.778,0.8,0.772,0.739,0.752,0.741,0.742,0.739,0.767,0.795,0.78,0.79,0.773,0.74,0.742,0.737,0.745,0.726,0.774,0.787,0.789,0.783,0.822,0.749,0.748,0.741,0.748,0.728,0.772,0.799,0.771,0.816,0.796,0.754,0.748,0.745,0.75
5:15:00,0.735,0.781,0.81,0.778,0.803,0.796,0.75,0.751,0.741,0.748,0.736,0.778,0.829,0.784,0.804,0.777,0.745,0.748,0.738,0.748,0.722,0.781,0.794,0.786,0.81,0.775,0.739,0.752,0.741,0.742,0.738,0.771,0.8,0.787,0.798,0.778,0.74,0.742,0.737,0.745,0.726,0.778,0.792,0.798,0.789,0.835,0.748,0.748,0.741,0.747,0.728,0.777,0.808,0.778,0.828,0.802,0.754,0.748,0.745,0.751
5:30:00,0.735,0.781,0.821,0.785,0.812,0.801,0.749,0.751,0.741,0.748,0.736,0.782,0.842,0.79,0.814,0.782,0.745,0.748,0.738,0.748,0.722,0.786,0.805,0.794,0.822,0.78,0.739,0.752,0.741,0.742,0.738,0.777,0.811,0.796,0.808,0.783,0.74,0.741,0.737,0.745,0.726,0.783,0.799,0.807,0.796,0.848,0.749,0.748,0.74,0.747,0.728,0.782,0.815,0.786,0.839,0.808,0.754,0.748,0.745,0.752
5:45:00,0.735,0.783,0.831,0.793,0.822,0.809,0.749,0.751,0.741,0.748,0.736,0.786,0.857,0.799,0.825,0.788,0.746,0.748,0.738,0.748,0.722,0.793,0.819,0.803,0.834,0.785,0.739,0.752,0.741,0.742,0.738,0.783,0.818,0.805,0.818,0.789,0.74,0.741,0.737,0.745,0.726,0.789,0.806,0.82,0.805,0.862,0.749,0.748,0.74,0.747,0.728,0.788,0.827,0.795,0.852,0.816,0.754,0.748,0.745,0.752
6:00:00,0.735,0.785,0.845,0.801,0.834,0.818,0.749,0.751,0.742,0.748,0.736,0.791,0.874,0.809,0.836,0.796,0.746,0.748,0.738,0.748,0.722,0.8,0.832,0.815,0.845,0.789,0.739,0.752,0.741,0.742,0.739,0.79,0.83,0.817,0.829,0.795,0.74,0.741,0.737,0.746,0.726,0.795,0.817,0.831,0.816,0.873,0.749,0.748,0.74,0.747,0.728,0.793,0.84,0.804,0.868,0.824,0.754,0.748,0.746,0.753
6:15:00,0.735,0.789,0.86,0.811,0.847,0.828,0.75,0.751,0.742,0.748,0.736,0.796,0.894,0.818,0.854,0.807,0.746,0.748,0.738,0.749,0.722,0.809,0.845,0.825,0.856,0.795,0.74,0.752,0.741,0.742,0.739,0.798,0.847,0.83,0.839,0.802,0.74,0.741,0.737,0.746,0.726,0.802,0.828,0.842,0.829,0.882,0.749,0.748,0.74,0.747,0.728,0.8,0.856,0.815,0.884,0.83,0.754,0.748,0.746,0.753
6:30:00,0.735,0.793,0.877,0.823,0.861,0.839,0.75,0.751,0.742,0.748,0.736,0.801,0.918,0.83,0.872,0.82,0.747,0.748,0.738,0.749,0.722,0.818,0.862,0.835,0.864,0.804,0.74,0.752,0.741,0.742,0.739,0.806,0.858,0.848,0.85,0.809,0.741,0.741,0.738,0.746,0.726,0.81,0.844,0.853,0.843,0.893,0.749,0.748,0.74,0.748,0.728,0.809,0.877,0.825,0.899,0.841,0.754,0.748,0.746,0.754
6:45:00,0.735,0.797,0.897,0.835,0.878,0.851,0.75,0.751,0.743,0.748,0.737,0.808,0.943,0.845,0.893,0.837,0.747,0.748,0.739,0.749,0.722,0.827,0.882,0.847,0.878,0.816,0.741,0.752,0.742,0.742,0.739,0.816,0.877,0.856,0.863,0.815,0.741,0.741,0.738,0.747,0.726,0.819,0.862,0.866,0.858,0.901,0.75,0.748,0.741,0.748,0.728,0.818,0.899,0.84,0.918,0.858,0.754,0.748,0.747,0.754
7:00:00,0.735,0.801,0.92,0.849,0.892,0.862,0.751,0.751,0.743,0.748,0.737,0.815,0.973,0.86,0.917,0.854,0.748,0.749,0.739,0.749,0.723,0.838,0.906,0.863,0.897,0.827,0.741,0.752,0.742,0.742,0.739,0.824,0.9,0.873,0.883,0.826,0.742,0.742,0.738,0.747,0.726,0.829,0.882,0.878,0.873,0.914,0.75,0.749,0.741,0.748,0.728,0.828,0.923,0.859,0.944,0.877,0.755,0.748,0.748,0.755
7:15:00,0.735,0.805,0.944,0.863,0.909,0.874,0.751,0.752,0.744,0.748,0.737,0.823,1.007,0.877,0.933,0.874,0.748,0.749,0.74,0.749,0.723,0.851,0.93,0.881,0.915,0.841,0.742,0.753,0.742,0.742,0.739,0.834,0.923,0.891,0.9,0.839,0.742,0.742,0.738,0.747,0.727,0.839,0.907,0.895,0.896,0.93,0.75,0.749,0.741,0.748,0.728,0.839,0.949,0.881,0.968,0.903,0.755,0.748,0.748,0.756
7:30:00,0.735,0.811,0.973,0.878,0.927,0.886,0.752,0.752,0.744,0.748,0.737,0.831,1.042,0.895,0.95,0.896,0.749,0.749,0.74,0.749,0.723,0.864,0.957,0.898,0.934,0.856,0.742,0.753,0.742,0.743,0.739,0.843,0.949,0.91,0.925,0.852,0.743,0.742,0.738,0.748,0.727,0.85,0.932,0.912,0.917,0.947,0.751,0.749,0.741,0.748,0.729,0.852,0.979,0.899,0.992,0.925,0.756,0.748,0.749,0.756
7:45:00,0.735,0.819,1.004,0.895,0.949,0.899,0.753,0.752,0.745,0.748,0.737,0.84,1.078,0.915,0.973,0.917,0.75,0.749,0.741,0.75,0.723,0.876,0.988,0.918,0.962,0.871,0.743,0.753,0.743,0.743,0.739,0.852,0.98,0.928,0.949,0.862,0.743,0.742,0.739,0.748,0.727,0.862,0.961,0.932,0.943,0.967,0.752,0.749,0.742,0.748,0.729,0.864,1.011,0.922,1.017,0.952,0.757,0.748,0.75,0.757
8:00:00,0.736,0.827,1.04,0.916,0.972,0.913,0.754,0.753,0.746,0.748,0.737,0.85,1.117,0.934,1,0.938,0.751,0.749,0.742,0.75,0.723,0.891,1.021,0.938,0.992,0.888,0.744,0.754,0.743,0.743,0.74,0.86,1.012,0.951,0.972,0.881,0.744,0.742,0.739,0.749,0.727,0.874,0.992,0.953,0.972,0.988,0.752,0.749,0.742,0.749,0.729,0.877,1.045,0.949,1.042,0.973,0.758,0.749,0.751,0.758
8:15:00,0.736,0.836,1.076,0.936,1.002,0.928,0.755,0.753,0.747,0.748,0.737,0.861,1.16,0.956,1.022,0.958,0.753,0.75,0.742,0.75,0.724,0.907,1.054,0.961,1.023,0.901,0.745,0.754,0.744,0.744,0.74,0.867,1.045,0.975,0.998,0.903,0.744,0.743,0.74,0.749,0.727,0.888,1.026,0.977,1.003,1.009,0.753,0.749,0.743,0.749,0.729,0.891,1.081,0.969,1.072,1.003,0.759,0.749,0.752,0.759
8:30:00,0.736,0.847,1.114,0.958,1.036,0.943,0.756,0.753,0.746,0.748,0.738,0.873,1.21,0.978,1.045,0.976,0.754,0.75,0.743,0.751,0.724,0.923,1.09,0.986,1.055,0.917,0.746,0.754,0.745,0.744,0.74,0.874,1.078,1.001,1.027,0.919,0.745,0.743,0.74,0.75,0.728,0.903,1.06,1.001,1.026,1.031,0.754,0.75,0.743,0.749,0.729,0.906,1.12,0.993,1.098,1.031,0.761,0.749,0.753,0.76
8:45:00,0.736,0.858,1.155,0.981,1.074,0.959,0.757,0.754,0.748,0.749,0.738,0.886,1.263,1.004,1.075,0.993,0.756,0.75,0.744,0.751,0.724,0.939,1.126,1.01,1.088,0.935,0.748,0.754,0.746,0.744,0.74,0.883,1.115,1.03,1.059,0.941,0.746,0.743,0.741,0.75,0.728,0.918,1.093,1.029,1.058,1.054,0.755,0.75,0.744,0.749,0.729,0.929,1.16,1.018,1.131,1.069,0.762,0.75,0.754,0.762
9:00:00,0.736,0.872,1.197,1.006,1.111,0.98,0.759,0.754,0.75,0.749,0.738,0.902,1.319,1.031,1.114,1.012,0.759,0.75,0.745,0.751,0.724,0.954,1.162,1.04,1.126,0.952,0.75,0.755,0.746,0.745,0.741,0.893,1.152,1.058,1.088,0.967,0.748,0.743,0.742,0.751,0.729,0.934,1.127,1.063,1.091,1.079,0.755,0.751,0.745,0.75,0.729,0.949,1.194,1.046,1.167,1.107,0.764,0.75,0.755,0.763
9:15:00,0.736,0.886,1.24,1.035,1.159,1.002,0.761,0.755,0.752,0.749,0.738,0.917,1.374,1.059,1.141,1.031,0.761,0.751,0.747,0.752,0.725,0.971,1.2,1.068,1.158,0.97,0.752,0.755,0.747,0.745,0.741,0.902,1.187,1.089,1.125,0.989,0.749,0.744,0.743,0.752,0.729,0.948,1.165,1.095,1.116,1.104,0.755,0.751,0.746,0.75,0.73,0.967,1.23,1.074,1.2,1.146,0.766,0.751,0.757,0.764
9:30:00,0.736,0.906,1.283,1.065,1.204,1.025,0.763,0.756,0.754,0.75,0.739,0.934,1.425,1.09,1.171,1.056,0.764,0.753,0.748,0.753,0.725,0.989,1.238,1.098,1.197,0.989,0.754,0.756,0.749,0.746,0.741,0.916,1.22,1.122,1.157,1.019,0.751,0.744,0.744,0.753,0.729,0.965,1.202,1.131,1.153,1.133,0.757,0.752,0.747,0.751,0.73,0.984,1.268,1.103,1.241,1.194,0.769,0.751,0.759,0.766
9:45:00,0.738,0.927,1.324,1.098,1.252,1.054,0.765,0.757,0.756,0.75,0.739,0.952,1.455,1.122,1.203,1.081,0.767,0.753,0.75,0.754,0.725,1.013,1.274,1.128,1.234,1.01,0.757,0.757,0.75,0.747,0.741,0.93,1.259,1.156,1.194,1.047,0.753,0.745,0.745,0.755,0.73,0.98,1.239,1.167,1.188,1.162,0.759,0.753,0.748,0.752,0.73,1.001,1.3,1.133,1.273,1.23,0.771,0.752,0.761,0.767
10:00:00,0.738,0.953,1.364,1.132,1.3,1.08,0.767,0.758,0.759,0.751,0.739,0.972,1.492,1.151,1.241,1.109,0.771,0.754,0.751,0.755,0.725,1.039,1.307,1.159,1.267,1.032,0.76,0.757,0.752,0.747,0.742,0.945,1.29,1.191,1.236,1.072,0.755,0.745,0.747,0.756,0.73,0.99,1.268,1.203,1.223,1.191,0.761,0.753,0.749,0.752,0.73,1.01,1.326,1.167,1.312,1.27,0.774,0.752,0.764,0.769
10:15:00,0.738,0.981,1.396,1.165,1.35,1.11,0.77,0.759,0.762,0.751,0.74,0.994,1.505,1.181,1.274,1.139,0.775,0.755,0.753,0.756,0.726,1.062,1.335,1.192,1.311,1.055,0.764,0.758,0.753,0.748,0.742,0.962,1.319,1.224,1.278,1.096,0.757,0.746,0.748,0.757,0.73,1.001,1.303,1.248,1.263,1.219,0.762,0.754,0.751,0.753,0.731,1.021,1.354,1.2,1.355,1.289,0.778,0.753,0.767,0.771
10:30:00,0.738,1.013,1.423,1.199,1.398,1.14,0.772,0.76,0.765,0.752,0.74,1.018,1.535,1.216,1.308,1.174,0.778,0.757,0.755,0.757,0.726,1.083,1.362,1.224,1.348,1.081,0.768,0.759,0.755,0.749,0.742,0.981,1.346,1.254,1.316,1.118,0.76,0.746,0.75,0.758,0.731,1.012,1.329,1.282,1.302,1.246,0.764,0.755,0.752,0.754,0.731,1.033,1.371,1.234,1.4,1.302,0.781,0.754,0.77,0.773
10:45:00,0.739,1.05,1.445,1.233,1.45,1.172,0.776,0.761,0.769,0.753,0.74,1.044,1.542,1.251,1.341,1.207,0.783,0.758,0.758,0.758,0.726,1.104,1.385,1.259,1.384,1.105,0.773,0.76,0.757,0.75,0.743,0.999,1.366,1.285,1.355,1.142,0.762,0.747,0.752,0.76,0.731,1.026,1.35,1.322,1.344,1.279,0.766,0.756,0.754,0.755,0.731,1.047,1.386,1.268,1.436,1.325,0.786,0.754,0.774,0.776
11:00:00,0.739,1.087,1.47,1.269,1.5,1.205,0.779,0.763,0.773,0.754,0.741,1.069,1.544,1.288,1.371,1.243,0.788,0.759,0.76,0.76,0.727,1.127,1.405,1.293,1.421,1.134,0.778,0.761,0.76,0.751,0.743,1.019,1.381,1.319,1.391,1.172,0.766,0.748,0.754,0.762,0.731,1.043,1.366,1.357,1.383,1.307,0.769,0.757,0.756,0.756,0.732,1.063,1.394,1.304,1.474,1.351,0.79,0.755,0.777,0.778
11:15:00,0.739,1.134,1.496,1.302,1.537,1.239,0.783,0.764,0.777,0.755,0.741,1.094,1.541,1.32,1.401,1.273,0.794,0.761,0.763,0.761,0.727,1.148,1.421,1.323,1.451,1.164,0.783,0.762,0.762,0.753,0.743,1.039,1.394,1.35,1.42,1.206,0.77,0.749,0.756,0.764,0.732,1.063,1.383,1.394,1.421,1.335,0.77,0.759,0.758,0.757,0.732,1.08,1.4,1.337,1.507,1.379,0.795,0.756,0.782,0.781
11:30:00,0.739,1.176,1.522,1.338,1.582,1.273,0.788,0.766,0.782,0.756,0.741,1.12,1.547,1.351,1.426,1.31,0.8,0.762,0.767,0.763,0.727,1.17,1.432,1.354,1.488,1.198,0.789,0.763,0.765,0.754,0.744,1.062,1.402,1.382,1.453,1.236,0.773,0.75,0.759,0.767,0.732,1.084,1.389,1.422,1.453,1.361,0.774,0.76,0.761,0.758,0.732,1.099,1.408,1.369,1.534,1.404,0.801,0.757,0.786,0.784
11:45:00,0.74,1.222,1.555,1.373,1.604,1.307,0.793,0.768,0.788,0.758,0.742,1.148,1.557,1.379,1.451,1.347,0.807,0.764,0.77,0.765,0.727,1.192,1.446,1.382,1.513,1.231,0.795,0.764,0.768,0.756,0.744,1.082,1.415,1.406,1.482,1.269,0.778,0.751,0.762,0.769,0.732,1.106,1.396,1.455,1.488,1.385,0.777,0.761,0.763,0.76,0.732,1.118,1.428,1.399,1.556,1.432,0.807,0.759,0.792,0.787
12:00:00,0.74,1.262,1.575,1.4,1.617,1.345,0.798,0.77,0.793,0.759,0.742,1.175,1.565,1.398,1.468,1.376,0.815,0.766,0.774,0.768,0.728,1.212,1.472,1.403,1.54,1.263,0.802,0.766,0.772,0.758,0.744,1.107,1.431,1.428,1.5,1.3,0.782,0.751,0.764,0.772,0.732,1.129,1.403,1.478,1.514,1.408,0.781,0.763,0.766,0.761,0.732,1.139,1.485,1.427,1.572,1.451,0.814,0.76,0.799,0.791
12:15:00,0.74,1.303,1.586,1.424,1.633,1.381,0.804,0.772,0.8,0.761,0.742,1.203,1.57,1.42,1.482,1.414,0.823,0.768,0.779,0.77,0.728,1.235,1.501,1.421,1.563,1.297,0.809,0.767,0.775,0.76,0.745,1.123,1.457,1.442,1.514,1.33,0.787,0.752,0.768,0.775,0.733,1.152,1.414,1.497,1.538,1.434,0.785,0.764,0.77,0.763,0.733,1.16,1.494,1.446,1.585,1.478,0.821,0.761,0.806,0.795
12:30:00,0.74,1.339,1.583,1.441,1.622,1.418,0.81,0.774,0.807,0.763,0.742,1.23,1.562,1.429,1.494,1.442,0.831,0.77,0.783,0.773,0.728,1.255,1.517,1.427,1.583,1.332,0.817,0.769,0.779,0.762,0.745,1.147,1.5,1.45,1.52,1.358,0.792,0.753,0.772,0.778,0.733,1.175,1.454,1.506,1.556,1.459,0.789,0.766,0.773,0.765,0.733,1.179,1.502,1.467,1.594,1.501,0.831,0.762,0.813,0.799
12:45:00,0.741,1.373,1.578,1.453,1.639,1.452,0.818,0.776,0.815,0.766,0.743,1.253,1.549,1.435,1.496,1.475,0.841,0.772,0.789,0.776,0.729,1.274,1.522,1.434,1.598,1.367,0.825,0.77,0.784,0.765,0.745,1.167,1.517,1.453,1.522,1.382,0.798,0.755,0.776,0.782,0.733,1.196,1.479,1.509,1.568,1.479,0.794,0.768,0.777,0.767,0.733,1.202,1.507,1.48,1.595,1.515,0.84,0.764,0.821,0.803
13:00:00,0.741,1.404,1.572,1.456,1.638,1.487,0.825,0.779,0.824,0.768,0.743,1.276,1.537,1.441,1.519,1.509,0.851,0.774,0.795,0.78,0.729,1.295,1.512,1.437,1.607,1.406,0.834,0.772,0.789,0.768,0.745,1.191,1.514,1.457,1.527,1.407,0.805,0.756,0.781,0.785,0.734,1.218,1.483,1.508,1.574,1.498,0.799,0.77,0.781,0.77,0.733,1.221,1.512,1.483,1.597,1.536,0.853,0.766,0.829,0.808
13:15:00,0.741,1.435,1.563,1.456,1.641,1.508,0.834,0.782,0.834,0.771,0.743,1.299,1.527,1.44,1.53,1.539,0.863,0.777,0.801,0.785,0.729,1.313,1.505,1.437,1.616,1.442,0.844,0.774,0.795,0.771,0.746,1.207,1.508,1.455,1.536,1.426,0.811,0.757,0.785,0.789,0.734,1.239,1.486,1.507,1.577,1.512,0.805,0.772,0.785,0.773,0.734,1.244,1.51,1.487,1.601,1.566,0.871,0.767,0.839,0.814
13:30:00,0.741,1.466,1.556,1.46,1.644,1.529,0.843,0.785,0.844,0.775,0.743,1.32,1.516,1.44,1.543,1.562,0.877,0.78,0.808,0.789,0.729,1.328,1.494,1.438,1.621,1.476,0.856,0.776,0.801,0.775,0.746,1.225,1.504,1.451,1.545,1.444,0.819,0.759,0.791,0.794,0.734,1.261,1.485,1.5,1.574,1.522,0.811,0.774,0.791,0.775,0.734,1.265,1.505,1.487,1.609,1.593,0.889,0.769,0.849,0.82
13:45:00,0.742,1.495,1.548,1.448,1.635,1.545,0.852,0.789,0.856,0.778,0.744,1.346,1.51,1.437,1.555,1.569,0.891,0.783,0.816,0.794,0.73,1.346,1.482,1.433,1.615,1.502,0.871,0.778,0.808,0.779,0.746,1.245,1.496,1.445,1.553,1.463,0.826,0.76,0.796,0.799,0.734,1.282,1.48,1.493,1.577,1.527,0.817,0.776,0.796,0.778,0.734,1.287,1.498,1.474,1.611,1.597,0.911,0.771,0.861,0.826
14:00:00,0.742,1.525,1.542,1.45,1.632,1.548,0.861,0.793,0.868,0.782,0.744,1.37,1.504,1.428,1.565,1.571,0.91,0.786,0.824,0.8,0.73,1.363,1.478,1.424,1.616,1.522,0.887,0.781,0.814,0.784,0.745,1.263,1.489,1.432,1.561,1.473,0.835,0.762,0.802,0.804,0.735,1.306,1.476,1.483,1.587,1.53,0.823,0.778,0.801,0.782,0.734,1.306,1.496,1.471,1.616,1.595,0.936,0.773,0.873,0.832
14:15:00,0.742,1.544,1.537,1.442,1.621,1.553,0.873,0.797,0.881,0.787,0.744,1.396,1.498,1.419,1.57,1.568,0.926,0.789,0.832,0.807,0.73,1.377,1.473,1.414,1.613,1.541,0.906,0.783,0.822,0.789,0.746,1.278,1.489,1.424,1.573,1.484,0.847,0.764,0.809,0.81,0.735,1.33,1.473,1.473,1.595,1.53,0.831,0.78,0.807,0.786,0.734,1.325,1.49,1.464,1.619,1.591,0.963,0.776,0.886,0.839
14:30:00,0.742,1.565,1.532,1.431,1.615,1.555,0.884,0.801,0.897,0.792,0.744,1.416,1.495,1.408,1.57,1.571,0.944,0.793,0.842,0.815,0.73,1.391,1.472,1.403,1.604,1.55,0.927,0.786,0.83,0.795,0.746,1.299,1.486,1.412,1.567,1.494,0.861,0.766,0.815,0.816,0.735,1.358,1.473,1.457,1.588,1.529,0.839,0.783,0.814,0.79,0.735,1.348,1.487,1.45,1.62,1.593,0.993,0.779,0.9,0.847
14:45:00,0.742,1.585,1.531,1.418,1.609,1.556,0.898,0.806,0.912,0.798,0.745,1.435,1.494,1.398,1.57,1.568,0.959,0.797,0.851,0.823,0.731,1.406,1.47,1.387,1.594,1.554,0.949,0.789,0.838,0.801,0.747,1.313,1.488,1.396,1.568,1.505,0.878,0.768,0.822,0.822,0.735,1.384,1.474,1.442,1.582,1.524,0.847,0.786,0.821,0.795,0.735,1.372,1.486,1.446,1.616,1.585,1.019,0.781,0.916,0.854
15:00:00,0.743,1.597,1.529,1.407,1.607,1.559,0.913,0.811,0.93,0.805,0.745,1.457,1.493,1.385,1.566,1.562,0.976,0.801,0.86,0.832,0.731,1.42,1.471,1.376,1.589,1.557,0.97,0.792,0.847,0.807,0.747,1.329,1.486,1.383,1.57,1.503,0.899,0.77,0.83,0.829,0.736,1.406,1.474,1.429,1.575,1.521,0.856,0.789,0.827,0.801,0.735,1.389,1.483,1.433,1.606,1.581,1.042,0.784,0.935,0.863
15:15:00,0.743,1.604,1.529,1.39,1.598,1.556,0.929,0.817,0.95,0.812,0.745,1.49,1.494,1.375,1.56,1.555,0.989,0.806,0.87,0.841,0.731,1.437,1.472,1.363,1.58,1.554,0.992,0.796,0.857,0.814,0.748,1.345,1.486,1.375,1.57,1.513,0.921,0.772,0.838,0.836,0.736,1.432,1.476,1.41,1.57,1.515,0.864,0.792,0.835,0.806,0.735,1.406,1.487,1.422,1.601,1.573,1.071,0.787,0.954,0.872
15:30:00,0.743,1.611,1.53,1.385,1.594,1.545,0.945,0.823,0.973,0.82,0.745,1.517,1.494,1.362,1.558,1.548,1.004,0.811,0.881,0.852,0.731,1.456,1.474,1.35,1.575,1.548,1.013,0.799,0.866,0.822,0.748,1.373,1.489,1.362,1.562,1.506,0.944,0.775,0.845,0.845,0.736,1.458,1.479,1.398,1.561,1.512,0.876,0.796,0.843,0.813,0.735,1.421,1.492,1.411,1.601,1.568,1.089,0.791,0.981,0.882
15:45:00,0.743,1.617,1.53,1.37,1.593,1.54,0.961,0.829,0.998,0.829,0.746,1.536,1.496,1.355,1.552,1.54,1.019,0.816,0.892,0.863,0.731,1.486,1.474,1.342,1.576,1.545,1.037,0.804,0.877,0.83,0.748,1.429,1.491,1.354,1.552,1.509,0.966,0.777,0.854,0.854,0.736,1.485,1.482,1.387,1.549,1.501,0.889,0.799,0.85,0.82,0.736,1.44,1.489,1.401,1.597,1.557,1.101,0.794,1.008,0.892
16:00:00,0.744,1.623,1.533,1.363,1.585,1.534,0.977,0.836,1.028,0.839,0.746,1.552,1.501,1.345,1.553,1.535,1.033,0.821,0.905,0.874,0.731,1.505,1.475,1.336,1.57,1.543,1.061,0.807,0.888,0.839,0.749,1.464,1.491,1.352,1.55,1.507,0.986,0.779,0.862,0.863,0.737,1.518,1.486,1.379,1.547,1.498,0.902,0.803,0.859,0.827,0.736,1.466,1.491,1.388,1.593,1.55,1.123,0.798,1.041,0.902
16:15:00,0.744,1.629,1.535,1.355,1.587,1.528,0.991,0.843,1.063,0.849,0.746,1.564,1.501,1.338,1.548,1.526,1.047,0.827,0.92,0.887,0.732,1.526,1.477,1.337,1.562,1.534,1.084,0.812,0.9,0.849,0.749,1.473,1.492,1.346,1.55,1.507,1.004,0.782,0.871,0.872,0.737,1.547,1.489,1.371,1.543,1.493,0.919,0.807,0.866,0.835,0.736,1.502,1.494,1.381,1.591,1.542,1.134,0.802,1.079,0.913
16:30:00,0.744,1.63,1.538,1.347,1.577,1.52,1.004,0.85,1.102,0.86,0.746,1.568,1.505,1.335,1.545,1.516,1.059,0.833,0.937,0.899,0.732,1.538,1.481,1.333,1.564,1.527,1.107,0.817,0.912,0.86,0.749,1.485,1.496,1.344,1.55,1.502,1.021,0.785,0.88,0.882,0.737,1.562,1.492,1.367,1.539,1.492,0.941,0.811,0.875,0.843,0.736,1.536,1.499,1.372,1.592,1.535,1.137,0.806,1.118,0.923
16:45:00,0.744,1.629,1.542,1.345,1.583,1.511,1.013,0.859,1.145,0.872,0.747,1.573,1.512,1.329,1.544,1.508,1.068,0.839,0.955,0.912,0.732,1.542,1.482,1.331,1.562,1.518,1.131,0.821,0.927,0.871,0.75,1.506,1.502,1.345,1.554,1.498,1.036,0.788,0.892,0.893,0.737,1.566,1.497,1.364,1.539,1.483,0.96,0.816,0.882,0.851,0.736,1.561,1.502,1.368,1.591,1.526,1.14,0.811,1.155,0.934
17:00:00,0.744,1.632,1.547,1.333,1.585,1.506,1.02,0.866,1.185,0.884,0.747,1.581,1.517,1.326,1.547,1.499,1.074,0.847,0.975,0.926,0.733,1.545,1.489,1.329,1.561,1.513,1.156,0.826,0.943,0.882,0.75,1.514,1.505,1.345,1.56,1.491,1.047,0.792,0.901,0.903,0.738,1.57,1.5,1.357,1.542,1.479,0.979,0.821,0.892,0.86,0.737,1.575,1.504,1.363,1.592,1.514,1.141,0.817,1.187,0.944
17:15:00,0.745,1.635,1.552,1.336,1.577,1.498,1.026,0.875,1.218,0.897,0.747,1.582,1.526,1.324,1.544,1.492,1.08,0.852,0.997,0.939,0.733,1.546,1.494,1.327,1.559,1.502,1.164,0.832,0.961,0.892,0.75,1.511,1.512,1.341,1.555,1.484,1.058,0.795,0.915,0.914,0.738,1.574,1.508,1.361,1.536,1.475,0.99,0.825,0.9,0.869,0.737,1.577,1.511,1.357,1.591,1.509,1.148,0.821,1.207,0.954
17:30:00,0.745,1.639,1.559,1.323,1.579,1.493,1.032,0.884,1.238,0.911,0.747,1.581,1.532,1.323,1.541,1.485,1.078,0.86,1.017,0.953,0.733,1.549,1.5,1.329,1.557,1.499,1.171,0.837,0.982,0.904,0.75,1.516,1.513,1.335,1.556,1.479,1.059,0.799,0.928,0.925,0.738,1.575,1.514,1.365,1.534,1.469,1.002,0.83,0.909,0.878,0.737,1.577,1.52,1.357,1.593,1.505,1.147,0.825,1.22,0.963
17:45:00,0.745,1.635,1.566,1.328,1.577,1.486,1.037,0.893,1.244,0.924,0.748,1.582,1.546,1.317,1.544,1.477,1.079,0.866,1.036,0.967,0.734,1.544,1.512,1.331,1.558,1.489,1.171,0.843,1.002,0.915,0.751,1.514,1.523,1.341,1.55,1.475,1.066,0.803,0.941,0.937,0.738,1.577,1.522,1.359,1.537,1.464,1.007,0.836,0.92,0.889,0.737,1.577,1.527,1.355,1.592,1.498,1.145,0.831,1.223,0.971
18:00:00,0.745,1.635,1.573,1.322,1.578,1.48,1.044,0.903,1.242,0.937,0.748,1.577,1.554,1.318,1.544,1.473,1.079,0.875,1.057,0.979,0.734,1.543,1.518,1.329,1.557,1.481,1.171,0.849,1.027,0.927,0.751,1.52,1.528,1.34,1.55,1.468,1.075,0.807,0.957,0.948,0.739,1.572,1.53,1.358,1.539,1.462,1.011,0.841,0.931,0.9,0.737,1.574,1.535,1.351,1.596,1.493,1.148,0.837,1.22,0.979
18:15:00,0.746,1.638,1.583,1.32,1.583,1.475,1.051,0.913,1.232,0.95,0.748,1.575,1.566,1.315,1.545,1.466,1.077,0.882,1.066,0.991,0.734,1.544,1.53,1.33,1.557,1.476,1.171,0.855,1.04,0.938,0.751,1.527,1.541,1.335,1.552,1.464,1.082,0.811,0.976,0.958,0.739,1.564,1.541,1.353,1.537,1.459,1.009,0.847,0.942,0.91,0.738,1.572,1.543,1.349,1.595,1.487,1.152,0.842,1.225,0.985
18:30:00,0.746,1.632,1.592,1.317,1.58,1.469,1.054,0.923,1.221,0.964,0.748,1.573,1.576,1.321,1.546,1.462,1.077,0.89,1.075,1.005,0.735,1.543,1.539,1.329,1.559,1.469,1.168,0.862,1.048,0.947,0.751,1.531,1.55,1.336,1.553,1.461,1.083,0.815,0.991,0.968,0.739,1.563,1.55,1.361,1.535,1.455,1.007,0.852,0.952,0.92,0.738,1.58,1.554,1.349,1.598,1.482,1.148,0.848,1.228,0.987
18:45:00,0.746,1.628,1.602,1.319,1.588,1.464,1.059,0.933,1.208,0.975,0.749,1.568,1.586,1.316,1.548,1.456,1.077,0.9,1.079,1.014,0.735,1.545,1.551,1.327,1.563,1.464,1.164,0.869,1.054,0.958,0.752,1.53,1.559,1.347,1.558,1.456,1.084,0.82,1.005,0.979,0.739,1.565,1.561,1.355,1.538,1.456,1.006,0.859,0.964,0.931,0.738,1.58,1.568,1.349,1.6,1.48,1.145,0.855,1.232,0.991
19:00:00,0.746,1.625,1.613,1.312,1.582,1.458,1.067,0.944,1.194,0.987,0.749,1.565,1.601,1.321,1.553,1.454,1.076,0.908,1.081,1.025,0.735,1.537,1.563,1.329,1.565,1.461,1.165,0.876,1.062,0.966,0.752,1.53,1.568,1.35,1.559,1.454,1.078,0.824,1.015,0.988,0.74,1.56,1.572,1.36,1.54,1.455,1.006,0.865,0.974,0.941,0.738,1.58,1.58,1.346,1.605,1.475,1.145,0.861,1.23,0.992
19:15:00,0.747,1.624,1.625,1.317,1.595,1.454,1.073,0.955,1.181,0.998,0.749,1.568,1.61,1.326,1.552,1.451,1.076,0.917,1.081,1.037,0.736,1.539,1.577,1.334,1.568,1.457,1.163,0.883,1.067,0.975,0.752,1.528,1.581,1.348,1.565,1.452,1.079,0.829,1.021,0.996,0.74,1.555,1.583,1.362,1.543,1.455,1.006,0.871,0.983,0.951,0.739,1.58,1.591,1.345,1.609,1.473,1.144,0.868,1.218,0.993
19:30:00,0.747,1.623,1.635,1.312,1.597,1.451,1.081,0.966,1.168,1.007,0.749,1.565,1.623,1.321,1.553,1.447,1.077,0.925,1.08,1.04,0.736,1.539,1.588,1.333,1.573,1.454,1.162,0.891,1.07,0.983,0.753,1.528,1.594,1.35,1.566,1.45,1.083,0.834,1.026,1.002,0.74,1.549,1.596,1.365,1.542,1.456,1.006,0.878,0.992,0.961,0.739,1.59,1.605,1.344,1.613,1.468,1.137,0.874,1.209,0.991
19:45:00,0.747,1.623,1.648,1.314,1.603,1.444,1.086,0.978,1.156,1.017,0.75,1.566,1.634,1.325,1.559,1.445,1.079,0.935,1.077,1.051,0.736,1.538,1.6,1.337,1.578,1.45,1.162,0.898,1.079,0.989,0.753,1.526,1.606,1.348,1.573,1.445,1.085,0.839,1.036,1.007,0.741,1.55,1.608,1.365,1.544,1.453,1.008,0.884,0.995,0.97,0.739,1.587,1.615,1.345,1.621,1.463,1.144,0.881,1.204,0.992
20:00:00,0.747,1.616,1.661,1.318,1.607,1.441,1.095,0.99,1.143,1.024,0.75,1.567,1.645,1.327,1.561,1.442,1.081,0.945,1.076,1.055,0.736,1.537,1.612,1.34,1.585,1.449,1.163,0.906,1.075,0.997,0.753,1.525,1.616,1.355,1.581,1.443,1.086,0.844,1.036,1.01,0.741,1.549,1.618,1.368,1.55,1.453,1.009,0.892,0.997,0.979,0.739,1.594,1.627,1.344,1.629,1.462,1.148,0.887,1.202,0.991
20:15:00,0.747,1.616,1.672,1.316,1.613,1.436,1.103,1.001,1.132,1.032,0.75,1.565,1.655,1.331,1.565,1.439,1.084,0.954,1.074,1.063,0.737,1.537,1.623,1.345,1.591,1.443,1.164,0.915,1.076,1.001,0.753,1.526,1.628,1.362,1.584,1.44,1.087,0.849,1.036,1.012,0.741,1.548,1.628,1.373,1.557,1.454,1.009,0.899,1,0.985,0.739,1.596,1.637,1.346,1.635,1.458,1.149,0.895,1.193,0.99
20:30:00,0.748,1.617,1.685,1.321,1.614,1.433,1.106,1.013,1.124,1.037,0.75,1.566,1.664,1.338,1.573,1.437,1.089,0.965,1.071,1.067,0.737,1.539,1.634,1.35,1.596,1.443,1.165,0.923,1.079,1.004,0.754,1.521,1.639,1.363,1.592,1.437,1.094,0.854,1.035,1.012,0.741,1.547,1.639,1.379,1.561,1.453,1.012,0.906,1.001,0.993,0.74,1.599,1.652,1.347,1.641,1.453,1.152,0.901,1.182,0.989
20:45:00,0.748,1.617,1.695,1.322,1.618,1.428,1.114,1.025,1.117,1.039,0.751,1.564,1.674,1.345,1.575,1.432,1.093,0.972,1.07,1.068,0.737,1.538,1.642,1.355,1.603,1.439,1.165,0.932,1.081,1.006,0.754,1.521,1.648,1.373,1.599,1.435,1.1,0.859,1.034,1.012,0.742,1.545,1.648,1.378,1.566,1.451,1.016,0.914,1.002,0.998,0.74,1.597,1.661,1.349,1.648,1.452,1.155,0.909,1.171,0.988
21:00:00,0.748,1.616,1.709,1.327,1.628,1.423,1.119,1.038,1.111,1.041,0.751,1.567,1.681,1.352,1.583,1.433,1.099,0.982,1.068,1.068,0.737,1.538,1.652,1.359,1.61,1.436,1.165,0.941,1.083,1.008,0.754,1.519,1.657,1.38,1.608,1.433,1.108,0.865,1.032,1.012,0.742,1.546,1.657,1.384,1.571,1.454,1.022,0.922,1.003,1.002,0.74,1.596,1.673,1.353,1.656,1.448,1.155,0.915,1.165,0.987
21:15:00,0.748,1.619,1.719,1.328,1.634,1.418,1.124,1.05,1.107,1.043,0.751,1.565,1.691,1.365,1.59,1.434,1.104,0.991,1.065,1.069,0.738,1.539,1.661,1.366,1.618,1.433,1.165,0.949,1.086,1.009,0.754,1.521,1.668,1.386,1.616,1.432,1.116,0.87,1.029,1.011,0.742,1.546,1.667,1.392,1.577,1.453,1.025,0.932,1.005,1.004,0.74,1.597,1.683,1.356,1.665,1.447,1.157,0.922,1.158,0.986
21:30:00,0.749,1.623,1.726,1.334,1.639,1.416,1.126,1.062,1.103,1.043,0.751,1.568,1.698,1.371,1.598,1.432,1.109,1.001,1.064,1.069,0.738,1.539,1.669,1.373,1.626,1.432,1.164,0.958,1.09,1.009,0.755,1.524,1.676,1.392,1.62,1.432,1.123,0.876,1.026,1.01,0.742,1.545,1.676,1.399,1.586,1.454,1.031,0.937,1.007,1.006,0.74,1.604,1.69,1.361,1.673,1.444,1.158,0.93,1.154,0.984
21:45:00,0.749,1.624,1.738,1.335,1.647,1.412,1.129,1.072,1.099,1.042,0.752,1.568,1.705,1.378,1.607,1.432,1.116,1.009,1.064,1.067,0.738,1.544,1.677,1.381,1.634,1.429,1.163,0.969,1.093,1.01,0.755,1.525,1.685,1.399,1.631,1.428,1.128,0.88,1.026,1.009,0.743,1.545,1.685,1.407,1.592,1.453,1.048,0.947,1.008,1.007,0.741,1.599,1.7,1.364,1.683,1.44,1.159,0.937,1.15,0.983
22:00:00,0.749,1.628,1.747,1.343,1.657,1.409,1.131,1.084,1.097,1.042,0.752,1.569,1.71,1.384,1.614,1.431,1.121,1.018,1.067,1.066,0.739,1.544,1.683,1.387,1.64,1.428,1.16,0.978,1.1,1.009,0.755,1.526,1.691,1.406,1.638,1.427,1.136,0.886,1.024,1.008,0.743,1.546,1.692,1.412,1.598,1.454,1.058,0.954,1.01,1.007,0.741,1.608,1.707,1.369,1.692,1.439,1.159,0.943,1.147,0.981
22:15:00,0.749,1.634,1.754,1.346,1.669,1.407,1.131,1.094,1.096,1.041,0.752,1.568,1.716,1.393,1.62,1.431,1.125,1.026,1.069,1.066,0.739,1.547,1.69,1.393,1.646,1.427,1.158,0.989,1.107,1.009,0.756,1.527,1.698,1.411,1.648,1.427,1.139,0.892,1.025,1.007,0.743,1.549,1.698,1.417,1.607,1.453,1.066,0.963,1.013,1.008,0.741,1.605,1.716,1.374,1.7,1.437,1.158,0.952,1.149,0.98
22:30:00,0.75,1.635,1.762,1.353,1.676,1.404,1.13,1.103,1.095,1.038,0.752,1.57,1.722,1.401,1.629,1.432,1.13,1.035,1.071,1.064,0.739,1.552,1.695,1.401,1.652,1.429,1.154,0.997,1.113,1.008,0.756,1.529,1.704,1.417,1.655,1.424,1.14,0.898,1.026,1.005,0.743,1.549,1.704,1.427,1.613,1.454,1.072,0.97,1.018,1.007,0.741,1.612,1.721,1.38,1.712,1.436,1.157,0.959,1.15,0.978
22:45:00,0.75,1.636,1.769,1.357,1.686,1.4,1.129,1.11,1.095,1.036,0.753,1.571,1.725,1.409,1.638,1.432,1.132,1.044,1.08,1.061,0.739,1.553,1.699,1.407,1.659,1.427,1.151,1.008,1.122,1.006,0.756,1.531,1.708,1.423,1.661,1.423,1.141,0.904,1.03,1.004,0.744,1.553,1.708,1.43,1.621,1.452,1.081,0.979,1.026,1.007,0.742,1.619,1.728,1.386,1.719,1.435,1.155,0.966,1.154,0.976
23:00:00,0.75,1.644,1.778,1.362,1.693,1.398,1.128,1.117,1.094,1.034,0.753,1.573,1.728,1.415,1.642,1.434,1.131,1.048,1.087,1.058,0.74,1.556,1.702,1.414,1.666,1.424,1.146,1.018,1.129,1.004,0.756,1.533,1.712,1.43,1.67,1.423,1.138,0.909,1.036,1.002,0.744,1.554,1.713,1.437,1.628,1.452,1.098,0.988,1.034,1.006,0.742,1.621,1.731,1.391,1.728,1.431,1.152,0.974,1.158,0.975
23:15:00,0.75,1.65,1.783,1.368,1.705,1.397,1.126,1.123,1.097,1.032,0.753,1.574,1.729,1.424,1.65,1.435,1.131,1.057,1.092,1.058,0.74,1.561,1.706,1.421,1.673,1.425,1.141,1.027,1.137,1.003,0.757,1.537,1.716,1.44,1.677,1.421,1.135,0.916,1.042,1.001,0.744,1.556,1.716,1.447,1.634,1.453,1.098,0.995,1.045,1.005,0.742,1.626,1.737,1.397,1.737,1.431,1.149,0.98,1.165,0.973
23:30:00,0.75,1.653,1.785,1.373,1.714,1.396,1.123,1.126,1.099,1.03,0.753,1.576,1.73,1.431,1.655,1.436,1.128,1.063,1.101,1.057,0.74,1.564,1.709,1.428,1.678,1.424,1.137,1.036,1.145,1.001,0.758,1.54,1.719,1.444,1.683,1.42,1.132,0.921,1.051,0.999,0.744,1.558,1.719,1.452,1.641,1.453,1.094,1.002,1.055,1.004,0.742,1.626,1.742,1.401,1.743,1.429,1.145,0.985,1.172,0.972
23:45:00,0.751,1.655,1.79,1.378,1.723,1.393,1.12,1.129,1.104,1.028,0.754,1.577,1.732,1.437,1.662,1.437,1.125,1.07,1.109,1.056,0.741,1.567,1.711,1.433,1.684,1.424,1.132,1.044,1.152,1.001,0.758,1.542,1.72,1.449,1.687,1.418,1.128,0.927,1.063,0.997,0.745,1.561,1.721,1.456,1.647,1.454,1.1,1.01,1.069,1.002,0.743,1.631,1.743,1.406,1.751,1.428,1.141,0.991,1.178,0.971
24:00:00,0.751,1.66,1.795,1.383,1.73,1.393,1.116,1.132,1.108,1.025,0.754,1.58,1.732,1.444,1.667,1.438,1.121,1.072,1.118,1.055,0.741,1.57,1.711,1.44,1.689,1.425,1.127,1.052,1.16,0.997,0.758,1.544,1.722,1.454,1.692,1.418,1.123,0.934,1.075,0.996,0.745,1.564,1.721,1.46,1.652,1.454,1.101,1.016,1.082,1,0.743,1.636,1.747,1.411,1.758,1.427,1.136,0.993,1.182,0.969
24:15:00,0.751,1.665,1.798,1.387,1.739,1.392,1.113,1.134,1.112,1.023,0.754,1.582,1.733,1.451,1.673,1.44,1.116,1.076,1.125,1.052,0.741,1.572,1.713,1.446,1.694,1.426,1.121,1.058,1.166,0.998,0.758,1.546,1.723,1.46,1.694,1.418,1.119,0.941,1.089,0.994,0.745,1.567,1.722,1.469,1.657,1.455,1.1,1.026,1.097,0.999,0.743,1.639,1.749,1.417,1.764,1.425,1.131,0.998,1.187,0.967
24:30:00,0.751,1.668,1.799,1.393,1.747,1.392,1.11,1.136,1.116,1.02,0.754,1.585,1.733,1.456,1.677,1.442,1.11,1.08,1.134,1.05,0.741,1.575,1.713,1.452,1.696,1.426,1.115,1.064,1.171,0.994,0.759,1.549,1.724,1.47,1.698,1.417,1.114,0.947,1.104,0.993,0.745,1.569,1.723,1.472,1.661,1.457,1.097,1.03,1.109,0.997,0.743,1.644,1.75,1.421,1.77,1.427,1.125,1,1.188,0.966
24:45:00,0.752,1.672,1.803,1.397,1.755,1.39,1.105,1.138,1.124,1.018,0.755,1.586,1.734,1.463,1.679,1.445,1.105,1.083,1.137,1.048,0.741,1.578,1.714,1.457,1.7,1.428,1.11,1.069,1.175,0.994,0.759,1.551,1.724,1.475,1.7,1.416,1.109,0.955,1.115,0.991,0.746,1.573,1.724,1.479,1.664,1.459,1.095,1.036,1.119,0.995,0.743,1.646,1.753,1.426,1.775,1.426,1.119,1.003,1.188,0.965
25:00:00,0.752,1.678,1.802,1.401,1.759,1.391,1.101,1.138,1.129,1.016,0.755,1.589,1.733,1.468,1.681,1.446,1.099,1.084,1.142,1.048,0.742,1.58,1.714,1.462,1.704,1.43,1.104,1.075,1.177,0.994,0.759,1.554,1.725,1.475,1.702,1.416,1.103,0.959,1.126,0.989,0.746,1.576,1.723,1.484,1.668,1.46,1.093,1.041,1.13,0.993,0.744,1.648,1.755,1.43,1.781,1.428,1.114,1.007,1.188,0.963
25:15:00,0.752,1.68,1.806,1.407,1.764,1.391,1.097,1.139,1.135,1.014,0.755,1.59,1.733,1.473,1.683,1.448,1.093,1.087,1.144,1.045,0.742,1.583,1.713,1.468,1.705,1.431,1.098,1.079,1.178,0.991,0.759,1.555,1.725,1.48,1.702,1.417,1.098,0.964,1.135,0.988,0.746,1.578,1.723,1.49,1.669,1.462,1.09,1.046,1.138,0.992,0.744,1.656,1.755,1.434,1.782,1.429,1.108,1.009,1.186,0.962
25:30:00,0.752,1.686,1.807,1.409,1.768,1.392,1.093,1.14,1.14,1.012,0.755,1.594,1.732,1.479,1.682,1.451,1.087,1.088,1.147,1.044,0.742,1.586,1.714,1.473,1.706,1.434,1.092,1.085,1.178,0.99,0.76,1.557,1.724,1.483,1.702,1.418,1.093,0.968,1.143,0.986,0.746,1.581,1.722,1.496,1.67,1.464,1.087,1.05,1.142,0.991,0.744,1.661,1.757,1.439,1.786,1.43,1.102,1.01,1.185,0.961
25:45:00,0.753,1.69,1.805,1.417,1.768,1.392,1.089,1.14,1.141,1.009,0.755,1.596,1.732,1.484,1.682,1.454,1.081,1.088,1.146,1.041,0.743,1.587,1.713,1.477,1.708,1.437,1.087,1.087,1.175,0.989,0.76,1.561,1.723,1.487,1.702,1.419,1.087,0.972,1.146,0.984,0.747,1.584,1.721,1.502,1.672,1.466,1.084,1.052,1.144,0.989,0.744,1.664,1.758,1.441,1.786,1.43,1.097,1.013,1.182,0.96
26:00:00,0.753,1.694,1.807,1.418,1.771,1.393,1.084,1.14,1.146,1.007,0.756,1.599,1.732,1.489,1.682,1.456,1.075,1.09,1.145,1.039,0.743,1.59,1.712,1.483,1.707,1.44,1.08,1.092,1.171,0.986,0.76,1.563,1.723,1.49,1.702,1.42,1.082,0.974,1.151,0.983,0.747,1.586,1.721,1.508,1.671,1.469,1.08,1.054,1.145,0.987,0.745,1.667,1.759,1.446,1.786,1.433,1.091,1.015,1.178,0.959
26:15:00,0.753,1.697,1.807,1.423,1.775,1.394,1.08,1.14,1.148,1.005,0.756,1.602,1.733,1.494,1.681,1.46,1.069,1.091,1.145,1.037,0.743,1.593,1.712,1.486,1.708,1.444,1.074,1.095,1.166,0.986,0.76,1.564,1.724,1.496,1.702,1.421,1.076,0.977,1.15,0.981,0.747,1.589,1.721,1.511,1.672,1.472,1.077,1.057,1.144,0.986,0.745,1.672,1.76,1.448,1.789,1.434,1.086,1.016,1.174,0.958
26:30:00,0.753,1.7,1.807,1.425,1.778,1.395,1.076,1.14,1.149,1.004,0.756,1.606,1.732,1.502,1.681,1.464,1.065,1.09,1.141,1.038,0.743,1.595,1.712,1.491,1.708,1.448,1.067,1.097,1.162,0.985,0.761,1.567,1.723,1.5,1.701,1.423,1.071,0.979,1.148,0.98,0.747,1.591,1.72,1.517,1.672,1.476,1.073,1.058,1.142,0.984,0.745,1.677,1.762,1.452,1.79,1.438,1.081,1.017,1.171,0.957
26:45:00,0.754,1.704,1.809,1.429,1.779,1.397,1.071,1.139,1.149,1.002,0.757,1.609,1.732,1.505,1.679,1.466,1.06,1.092,1.138,1.035,0.744,1.6,1.711,1.494,1.708,1.452,1.061,1.101,1.157,0.983,0.761,1.569,1.722,1.504,1.701,1.425,1.066,0.98,1.146,0.978,0.748,1.594,1.72,1.523,1.672,1.48,1.069,1.06,1.139,0.983,0.745,1.68,1.762,1.454,1.788,1.441,1.076,1.02,1.167,0.956
27:00:00,0.754,1.707,1.807,1.43,1.778,1.399,1.068,1.139,1.147,1.001,0.757,1.611,1.732,1.511,1.678,1.47,1.055,1.091,1.134,1.035,0.744,1.601,1.711,1.497,1.707,1.456,1.055,1.104,1.151,0.984,0.761,1.571,1.723,1.505,1.7,1.427,1.061,0.982,1.142,0.977,0.748,1.596,1.719,1.527,1.671,1.482,1.065,1.061,1.136,0.981,0.746,1.685,1.763,1.458,1.787,1.443,1.071,1.021,1.162,0.956
27:15:00,0.754,1.709,1.808,1.434,1.779,1.4,1.063,1.138,1.147,0.999,0.757,1.616,1.732,1.514,1.678,1.472,1.051,1.091,1.131,1.033,0.744,1.605,1.711,1.5,1.707,1.461,1.05,1.106,1.146,0.983,0.761,1.573,1.722,1.507,1.699,1.429,1.056,0.983,1.139,0.976,0.748,1.598,1.718,1.533,1.671,1.488,1.061,1.061,1.133,0.98,0.746,1.691,1.763,1.46,1.786,1.445,1.067,1.022,1.158,0.955
27:30:00,0.754,1.714,1.809,1.437,1.779,1.402,1.06,1.137,1.146,0.997,0.757,1.619,1.732,1.517,1.677,1.475,1.047,1.093,1.127,1.03,0.744,1.607,1.711,1.504,1.706,1.463,1.045,1.11,1.14,0.981,0.762,1.575,1.721,1.51,1.699,1.431,1.051,0.983,1.134,0.974,0.748,1.601,1.718,1.536,1.67,1.492,1.057,1.061,1.129,0.978,0.746,1.693,1.765,1.462,1.784,1.449,1.063,1.022,1.154,0.954
27:45:00,0.754,1.718,1.809,1.44,1.778,1.403,1.056,1.135,1.143,0.995,0.758,1.622,1.733,1.523,1.676,1.478,1.043,1.092,1.123,1.029,0.745,1.61,1.711,1.508,1.705,1.468,1.041,1.112,1.135,0.98,0.762,1.578,1.722,1.512,1.697,1.434,1.046,0.984,1.13,0.973,0.749,1.603,1.717,1.541,1.668,1.496,1.053,1.061,1.126,0.977,0.746,1.7,1.765,1.464,1.782,1.453,1.059,1.023,1.15,0.953
28:00:00,0.755,1.721,1.807,1.44,1.779,1.405,1.053,1.135,1.141,0.994,0.758,1.626,1.732,1.527,1.674,1.481,1.04,1.092,1.119,1.028,0.745,1.613,1.711,1.51,1.705,1.471,1.037,1.113,1.129,0.979,0.762,1.579,1.721,1.514,1.698,1.438,1.041,0.984,1.126,0.972,0.749,1.605,1.716,1.545,1.667,1.501,1.049,1.062,1.123,0.976,0.746,1.704,1.765,1.466,1.781,1.455,1.056,1.023,1.146,0.952
28:15:00,0.755,1.726,1.806,1.443,1.777,1.408,1.05,1.133,1.137,0.993,0.758,1.629,1.733,1.53,1.674,1.486,1.037,1.09,1.114,1.027,0.745,1.615,1.711,1.512,1.704,1.475,1.033,1.115,1.124,0.979,0.762,1.581,1.722,1.516,1.696,1.44,1.037,0.984,1.122,0.971,0.749,1.607,1.716,1.548,1.666,1.506,1.045,1.063,1.119,0.974,0.746,1.707,1.766,1.468,1.78,1.458,1.053,1.022,1.143,0.952
28:30:00,0.755,1.731,1.808,1.445,1.777,1.411,1.047,1.132,1.134,0.991,0.758,1.632,1.733,1.533,1.673,1.491,1.033,1.089,1.111,1.027,0.745,1.619,1.71,1.514,1.704,1.479,1.029,1.116,1.119,0.978,0.763,1.582,1.722,1.517,1.696,1.444,1.033,0.984,1.117,0.97,0.749,1.609,1.716,1.551,1.665,1.511,1.042,1.061,1.116,0.973,0.747,1.712,1.766,1.468,1.779,1.462,1.05,1.019,1.139,0.952
28:45:00,0.755,1.733,1.807,1.448,1.776,1.414,1.044,1.131,1.131,0.99,0.759,1.635,1.733,1.535,1.673,1.494,1.03,1.088,1.107,1.025,0.746,1.622,1.71,1.515,1.704,1.482,1.025,1.118,1.115,0.977,0.763,1.585,1.723,1.519,1.695,1.447,1.029,0.984,1.114,0.969,0.75,1.611,1.716,1.554,1.664,1.515,1.038,1.062,1.113,0.972,0.747,1.716,1.768,1.471,1.778,1.465,1.047,1.018,1.136,0.951
29:00:00,0.756,1.735,1.807,1.448,1.774,1.417,1.042,1.129,1.128,0.989,0.759,1.64,1.734,1.537,1.673,1.498,1.027,1.087,1.103,1.024,0.746,1.624,1.709,1.517,1.703,1.486,1.021,1.118,1.11,0.977,0.763,1.587,1.723,1.521,1.694,1.451,1.025,0.983,1.111,0.968,0.75,1.613,1.716,1.558,1.663,1.52,1.035,1.061,1.11,0.971,0.747,1.72,1.768,1.472,1.776,1.468,1.044,1.017,1.133,0.95