Time,A1,A2,A3,A4,A5,A6,A7,A8,A9,A10,A11,A12,B1,B2,B3,B4,B5,B6,B7,B8,B9,B10,B11,B12,C1,C2,C3,C4,C5,C6,C7,C8,C9,C10,C11,C12,D1,D2,D3,D4,D5,D6,D7,D8,D9,D10,D11,D12
0:00:00,0.778,0.816,0.792,0.79,0.812,0.82,0.787,0.795,0.793,0.793,0.808,0.813,0.773,0.836,0.828,0.805,0.836,0.775,0.775,0.824,0.838,0.836,0.841,0.814,0.773,0.815,0.828,0.87,0.839,0.819,0.781,0.791,0.831,0.822,0.834,0.815,0.78,0.792,0.792,0.813,0.797,0.801,0.773,0.798,0.797,0.798,0.807,0.83
0:15:00,0.798,0.838,0.816,0.813,0.872,0.834,0.806,0.818,0.817,0.818,0.833,0.837,0.794,0.818,0.821,0.817,0.822,0.798,0.796,0.814,0.815,0.82,0.828,0.838,0.794,0.807,0.813,0.843,0.818,0.843,0.802,0.813,0.819,0.822,0.825,0.838,0.801,0.816,0.815,0.83,0.82,0.824,0.794,0.821,0.819,0.822,0.834,0.853
0:30:00,0.806,0.845,0.823,0.821,0.882,0.836,0.812,0.827,0.826,0.829,0.843,0.845,0.802,0.828,0.827,0.826,0.83,0.805,0.804,0.823,0.824,0.829,0.834,0.846,0.802,0.816,0.822,0.838,0.828,0.851,0.81,0.822,0.827,0.831,0.834,0.847,0.809,0.824,0.824,0.84,0.83,0.832,0.802,0.829,0.828,0.83,0.843,0.862
0:45:00,0.809,0.848,0.826,0.824,0.872,0.838,0.815,0.83,0.829,0.835,0.846,0.849,0.805,0.832,0.829,0.83,0.834,0.808,0.807,0.827,0.828,0.834,0.837,0.851,0.806,0.82,0.827,0.853,0.832,0.856,0.814,0.826,0.832,0.835,0.838,0.851,0.812,0.827,0.828,0.844,0.833,0.836,0.804,0.833,0.831,0.834,0.844,0.864
1:00:00,0.81,0.85,0.828,0.825,0.858,0.84,0.818,0.832,0.831,0.839,0.844,0.85,0.807,0.833,0.831,0.832,0.835,0.808,0.809,0.829,0.83,0.836,0.839,0.852,0.807,0.822,0.829,0.855,0.833,0.857,0.815,0.828,0.833,0.837,0.84,0.852,0.813,0.829,0.83,0.855,0.835,0.837,0.806,0.834,0.833,0.835,0.842,0.865
1:15:00,0.811,0.851,0.828,0.826,0.89,0.841,0.82,0.833,0.832,0.84,0.842,0.85,0.808,0.834,0.832,0.833,0.836,0.808,0.81,0.83,0.831,0.837,0.84,0.852,0.808,0.823,0.83,0.836,0.834,0.858,0.816,0.829,0.835,0.838,0.841,0.853,0.814,0.83,0.831,0.863,0.836,0.838,0.807,0.835,0.834,0.836,0.841,0.866
1:30:00,0.811,0.852,0.829,0.826,0.867,0.841,0.822,0.834,0.833,0.841,0.841,0.851,0.808,0.835,0.833,0.834,0.837,0.809,0.811,0.831,0.832,0.837,0.84,0.853,0.809,0.824,0.831,0.836,0.835,0.859,0.817,0.829,0.835,0.838,0.841,0.853,0.815,0.831,0.832,0.858,0.836,0.839,0.807,0.836,0.834,0.837,0.84,0.867
1:45:00,0.812,0.853,0.829,0.827,0.843,0.841,0.824,0.834,0.834,0.841,0.84,0.852,0.809,0.836,0.834,0.834,0.837,0.809,0.811,0.831,0.832,0.838,0.841,0.854,0.81,0.824,0.831,0.837,0.835,0.859,0.818,0.83,0.835,0.839,0.842,0.854,0.816,0.832,0.832,0.85,0.837,0.84,0.808,0.836,0.835,0.838,0.841,0.868
2:00:00,0.813,0.854,0.83,0.828,0.869,0.842,0.825,0.835,0.834,0.841,0.842,0.852,0.81,0.837,0.834,0.835,0.838,0.81,0.812,0.832,0.833,0.838,0.843,0.854,0.811,0.825,0.832,0.838,0.836,0.86,0.818,0.831,0.836,0.839,0.842,0.855,0.817,0.832,0.833,0.848,0.838,0.84,0.809,0.837,0.836,0.839,0.841,0.869
2:15:00,0.814,0.855,0.831,0.829,0.852,0.842,0.824,0.836,0.835,0.84,0.845,0.854,0.811,0.838,0.835,0.836,0.839,0.811,0.813,0.833,0.834,0.839,0.847,0.855,0.812,0.826,0.832,0.839,0.837,0.861,0.819,0.832,0.837,0.84,0.843,0.856,0.817,0.833,0.834,0.848,0.839,0.841,0.809,0.838,0.837,0.84,0.843,0.869
2:30:00,0.814,0.856,0.832,0.83,0.839,0.843,0.823,0.837,0.836,0.84,0.848,0.854,0.812,0.839,0.836,0.837,0.84,0.812,0.814,0.834,0.835,0.84,0.853,0.857,0.813,0.827,0.833,0.842,0.838,0.862,0.82,0.833,0.838,0.841,0.845,0.857,0.819,0.835,0.835,0.849,0.84,0.842,0.81,0.839,0.838,0.842,0.844,0.871
2:45:00,0.815,0.857,0.833,0.831,0.843,0.844,0.824,0.838,0.838,0.841,0.852,0.856,0.813,0.841,0.838,0.838,0.841,0.813,0.815,0.836,0.836,0.842,0.855,0.857,0.814,0.828,0.834,0.847,0.839,0.863,0.822,0.834,0.839,0.843,0.846,0.859,0.82,0.836,0.836,0.851,0.842,0.844,0.811,0.841,0.839,0.843,0.845,0.872
3:00:00,0.816,0.858,0.834,0.832,0.851,0.845,0.825,0.839,0.839,0.842,0.855,0.857,0.814,0.842,0.839,0.84,0.843,0.815,0.817,0.837,0.837,0.843,0.855,0.859,0.816,0.829,0.836,0.849,0.84,0.865,0.823,0.835,0.84,0.844,0.848,0.86,0.821,0.837,0.838,0.856,0.843,0.845,0.813,0.842,0.841,0.845,0.847,0.873
3:15:00,0.818,0.86,0.836,0.834,0.872,0.847,0.827,0.841,0.841,0.844,0.86,0.859,0.815,0.844,0.841,0.842,0.844,0.816,0.818,0.838,0.838,0.845,0.855,0.86,0.817,0.831,0.837,0.85,0.842,0.866,0.825,0.837,0.842,0.846,0.849,0.862,0.822,0.839,0.839,0.869,0.844,0.847,0.814,0.844,0.842,0.847,0.848,0.875
3:30:00,0.819,0.861,0.837,0.835,0.894,0.849,0.829,0.843,0.843,0.847,0.863,0.861,0.817,0.846,0.843,0.843,0.846,0.818,0.82,0.84,0.84,0.847,0.855,0.862,0.819,0.832,0.839,0.853,0.844,0.868,0.827,0.838,0.844,0.848,0.851,0.864,0.824,0.84,0.841,0.876,0.846,0.849,0.816,0.846,0.844,0.849,0.851,0.877
3:45:00,0.821,0.864,0.839,0.837,0.882,0.85,0.83,0.845,0.845,0.849,0.861,0.863,0.819,0.848,0.845,0.846,0.849,0.82,0.822,0.842,0.842,0.85,0.855,0.864,0.821,0.834,0.841,0.855,0.846,0.87,0.829,0.84,0.846,0.85,0.854,0.866,0.826,0.842,0.843,0.892,0.849,0.851,0.817,0.848,0.846,0.851,0.853,0.879
4:00:00,0.823,0.866,0.841,0.839,0.862,0.852,0.835,0.847,0.848,0.851,0.86,0.865,0.821,0.851,0.847,0.848,0.851,0.822,0.824,0.845,0.845,0.852,0.856,0.867,0.824,0.836,0.844,0.858,0.849,0.872,0.831,0.843,0.849,0.853,0.856,0.868,0.828,0.845,0.845,0.907,0.851,0.853,0.819,0.851,0.849,0.854,0.855,0.881
4:15:00,0.825,0.868,0.844,0.841,0.892,0.854,0.84,0.85,0.85,0.853,0.86,0.868,0.823,0.854,0.85,0.851,0.854,0.825,0.827,0.847,0.847,0.856,0.858,0.869,0.827,0.839,0.846,0.861,0.851,0.875,0.833,0.845,0.852,0.856,0.859,0.871,0.83,0.848,0.848,0.9,0.854,0.855,0.821,0.854,0.851,0.857,0.858,0.883
4:30:00,0.827,0.871,0.846,0.844,0.877,0.857,0.846,0.853,0.853,0.855,0.861,0.871,0.826,0.857,0.853,0.855,0.857,0.828,0.829,0.85,0.85,0.859,0.861,0.873,0.829,0.841,0.849,0.864,0.854,0.877,0.836,0.848,0.854,0.859,0.862,0.874,0.833,0.85,0.851,0.888,0.857,0.858,0.824,0.857,0.854,0.86,0.861,0.886
4:45:00,0.829,0.874,0.85,0.847,0.863,0.858,0.849,0.856,0.857,0.859,0.865,0.874,0.829,0.861,0.857,0.858,0.861,0.832,0.833,0.853,0.854,0.863,0.865,0.875,0.833,0.844,0.853,0.867,0.857,0.881,0.84,0.851,0.858,0.863,0.866,0.877,0.836,0.854,0.854,0.89,0.86,0.861,0.826,0.86,0.857,0.864,0.864,0.889
5:00:00,0.832,0.877,0.852,0.851,0.892,0.861,0.851,0.86,0.861,0.862,0.869,0.877,0.832,0.865,0.86,0.863,0.865,0.835,0.836,0.857,0.857,0.867,0.869,0.879,0.836,0.848,0.856,0.87,0.861,0.884,0.842,0.855,0.862,0.867,0.87,0.881,0.839,0.857,0.858,0.896,0.864,0.865,0.829,0.863,0.86,0.868,0.868,0.893
5:15:00,0.835,0.879,0.856,0.854,0.886,0.864,0.853,0.864,0.865,0.866,0.873,0.881,0.836,0.869,0.865,0.867,0.869,0.84,0.84,0.861,0.861,0.872,0.874,0.883,0.84,0.851,0.86,0.873,0.865,0.888,0.846,0.859,0.866,0.871,0.874,0.885,0.843,0.861,0.862,0.906,0.868,0.868,0.832,0.867,0.864,0.872,0.872,0.896
5:30:00,0.839,0.883,0.86,0.858,0.871,0.866,0.856,0.868,0.869,0.87,0.881,0.885,0.839,0.874,0.869,0.872,0.873,0.844,0.844,0.865,0.865,0.877,0.879,0.888,0.844,0.855,0.865,0.877,0.869,0.893,0.851,0.863,0.871,0.876,0.878,0.89,0.846,0.866,0.866,0.925,0.873,0.872,0.835,0.871,0.868,0.876,0.876,0.9
5:45:00,0.842,0.888,0.864,0.862,0.905,0.87,0.858,0.873,0.875,0.876,0.888,0.889,0.844,0.879,0.874,0.877,0.878,0.849,0.848,0.869,0.87,0.882,0.887,0.892,0.849,0.859,0.87,0.881,0.874,0.898,0.855,0.867,0.876,0.881,0.884,0.895,0.851,0.871,0.871,0.937,0.878,0.876,0.839,0.875,0.872,0.881,0.881,0.904
6:00:00,0.846,0.892,0.869,0.867,0.891,0.874,0.861,0.879,0.88,0.882,0.896,0.894,0.849,0.886,0.88,0.884,0.884,0.855,0.853,0.875,0.875,0.888,0.897,0.898,0.854,0.865,0.875,0.886,0.88,0.904,0.861,0.873,0.882,0.887,0.89,0.901,0.856,0.876,0.877,0.933,0.883,0.881,0.843,0.881,0.877,0.887,0.887,0.909
6:15:00,0.85,0.897,0.875,0.873,0.889,0.878,0.865,0.885,0.887,0.888,0.904,0.9,0.854,0.892,0.886,0.89,0.89,0.86,0.858,0.881,0.882,0.895,0.909,0.904,0.86,0.87,0.881,0.892,0.886,0.909,0.866,0.879,0.888,0.893,0.896,0.907,0.86,0.882,0.883,0.921,0.889,0.886,0.847,0.886,0.882,0.893,0.893,0.914
6:30:00,0.853,0.901,0.879,0.879,0.917,0.882,0.868,0.891,0.893,0.895,0.911,0.906,0.86,0.9,0.893,0.897,0.897,0.867,0.864,0.887,0.888,0.902,0.921,0.91,0.866,0.876,0.887,0.899,0.893,0.917,0.872,0.885,0.895,0.901,0.903,0.914,0.867,0.889,0.889,0.921,0.896,0.893,0.851,0.893,0.888,0.9,0.899,0.92
6:45:00,0.861,0.908,0.886,0.883,0.935,0.887,0.874,0.899,0.901,0.903,0.918,0.912,0.867,0.908,0.901,0.905,0.905,0.874,0.87,0.894,0.895,0.911,0.929,0.918,0.873,0.883,0.895,0.907,0.9,0.925,0.879,0.892,0.902,0.908,0.911,0.921,0.872,0.896,0.896,0.922,0.903,0.899,0.857,0.899,0.895,0.907,0.907,0.926
7:00:00,0.865,0.915,0.893,0.891,0.912,0.891,0.879,0.907,0.91,0.911,0.926,0.921,0.874,0.917,0.909,0.915,0.913,0.882,0.878,0.903,0.903,0.92,0.939,0.926,0.881,0.891,0.903,0.916,0.909,0.932,0.886,0.901,0.911,0.917,0.919,0.93,0.88,0.903,0.905,0.926,0.912,0.906,0.862,0.907,0.902,0.916,0.915,0.934
7:15:00,0.87,0.922,0.9,0.897,0.935,0.897,0.887,0.916,0.919,0.92,0.935,0.928,0.881,0.928,0.919,0.924,0.923,0.891,0.885,0.912,0.913,0.931,0.945,0.935,0.889,0.899,0.912,0.926,0.918,0.942,0.895,0.909,0.92,0.926,0.929,0.939,0.888,0.912,0.913,0.934,0.921,0.915,0.868,0.914,0.91,0.925,0.924,0.942
7:30:00,0.875,0.93,0.908,0.907,0.931,0.903,0.894,0.926,0.93,0.931,0.944,0.938,0.889,0.939,0.93,0.936,0.934,0.902,0.894,0.922,0.922,0.942,0.952,0.945,0.898,0.909,0.922,0.937,0.929,0.953,0.904,0.919,0.931,0.937,0.94,0.95,0.896,0.922,0.923,0.945,0.932,0.923,0.876,0.923,0.92,0.935,0.933,0.95
7:45:00,0.881,0.938,0.916,0.915,0.922,0.907,0.903,0.937,0.942,0.942,0.954,0.948,0.899,0.952,0.942,0.948,0.946,0.912,0.904,0.933,0.934,0.955,0.963,0.956,0.909,0.92,0.933,0.949,0.94,0.964,0.915,0.931,0.943,0.949,0.953,0.962,0.905,0.933,0.934,0.957,0.943,0.933,0.884,0.934,0.93,0.946,0.945,0.96
8:00:00,0.889,0.949,0.926,0.925,0.939,0.917,0.913,0.95,0.956,0.955,0.965,0.96,0.909,0.967,0.956,0.963,0.959,0.924,0.914,0.947,0.947,0.97,0.977,0.969,0.92,0.932,0.947,0.963,0.954,0.978,0.926,0.944,0.956,0.963,0.967,0.975,0.915,0.945,0.947,0.971,0.956,0.944,0.891,0.945,0.941,0.958,0.958,0.97
8:15:00,0.896,0.96,0.939,0.936,0.964,0.927,0.923,0.964,0.971,0.969,0.979,0.972,0.922,0.984,0.972,0.979,0.974,0.939,0.927,0.962,0.962,0.987,0.991,0.983,0.933,0.946,0.961,0.98,0.969,0.992,0.939,0.958,0.971,0.979,0.983,0.989,0.927,0.959,0.961,0.987,0.971,0.957,0.901,0.958,0.953,0.973,0.972,0.982
8:30:00,0.905,0.971,0.951,0.95,0.952,0.933,0.936,0.98,0.988,0.986,0.996,0.986,0.935,1.004,0.989,0.997,0.992,0.953,0.941,0.979,0.979,1.007,1.008,1,0.949,0.962,0.978,0.999,0.987,1.009,0.954,0.975,0.989,0.996,1.001,1.007,0.941,0.975,0.977,1.005,0.988,0.971,0.912,0.972,0.967,0.989,0.987,0.994
8:45:00,0.914,0.984,0.965,0.966,0.971,0.947,0.949,0.998,1.008,1.004,1.015,1.003,0.949,1.026,1.01,1.018,1.011,0.97,0.956,0.999,0.998,1.028,1.029,1.019,0.964,0.98,0.998,1.02,1.008,1.028,0.97,0.994,1.008,1.017,1.022,1.028,0.955,0.993,0.996,1.025,1.007,0.987,0.923,0.987,0.983,1.008,1.005,1.01
9:00:00,0.926,0.999,0.981,0.981,1.002,0.956,0.964,1.019,1.031,1.026,1.039,1.022,0.968,1.05,1.033,1.042,1.034,0.992,0.974,1.022,1.021,1.052,1.052,1.04,0.984,1.001,1.02,1.044,1.031,1.049,0.988,1.015,1.031,1.04,1.045,1.049,0.972,1.013,1.016,1.049,1.029,1.005,0.936,1.006,1.002,1.028,1.026,1.025
9:15:00,0.938,1.016,0.999,0.997,1.006,0.969,0.981,1.043,1.056,1.05,1.063,1.041,0.986,1.077,1.059,1.068,1.059,1.014,0.994,1.047,1.047,1.079,1.077,1.062,1.006,1.024,1.045,1.071,1.056,1.073,1.01,1.039,1.056,1.066,1.071,1.074,0.99,1.036,1.039,1.075,1.053,1.025,0.95,1.027,1.022,1.052,1.05,1.042
9:30:00,0.952,1.034,1.019,1.017,1.017,0.981,1.002,1.069,1.084,1.077,1.09,1.065,1.008,1.108,1.088,1.097,1.087,1.038,1.016,1.075,1.074,1.109,1.106,1.089,1.03,1.051,1.072,1.102,1.084,1.101,1.033,1.067,1.083,1.095,1.1,1.102,1.011,1.062,1.066,1.103,1.081,1.049,0.966,1.049,1.044,1.076,1.075,1.06
9:45:00,0.964,1.057,1.041,1.041,1.036,0.995,1.023,1.097,1.114,1.107,1.12,1.089,1.032,1.14,1.119,1.128,1.117,1.064,1.041,1.105,1.104,1.14,1.137,1.118,1.055,1.079,1.102,1.135,1.115,1.131,1.057,1.096,1.113,1.126,1.132,1.131,1.035,1.09,1.094,1.134,1.111,1.073,0.983,1.073,1.069,1.104,1.104,1.082
10:00:00,0.977,1.077,1.068,1.063,1.062,1.012,1.046,1.128,1.146,1.138,1.153,1.118,1.06,1.173,1.151,1.161,1.149,1.097,1.068,1.137,1.137,1.173,1.17,1.147,1.084,1.11,1.134,1.169,1.146,1.16,1.087,1.127,1.145,1.159,1.166,1.161,1.061,1.12,1.125,1.168,1.143,1.102,1.004,1.101,1.097,1.138,1.133,1.104
10:15:00,0.998,1.106,1.091,1.093,1.085,1.034,1.071,1.16,1.181,1.171,1.186,1.146,1.087,1.208,1.186,1.196,1.183,1.127,1.097,1.171,1.17,1.206,1.205,1.18,1.114,1.142,1.167,1.204,1.18,1.194,1.117,1.16,1.178,1.194,1.2,1.195,1.09,1.153,1.158,1.202,1.177,1.131,1.027,1.132,1.128,1.17,1.163,1.13
10:30:00,1.015,1.134,1.122,1.115,1.115,1.051,1.101,1.195,1.215,1.206,1.22,1.175,1.117,1.243,1.221,1.231,1.218,1.16,1.127,1.204,1.206,1.241,1.24,1.212,1.145,1.176,1.204,1.242,1.213,1.228,1.149,1.194,1.213,1.229,1.235,1.229,1.117,1.188,1.192,1.238,1.212,1.162,1.053,1.164,1.161,1.202,1.198,1.157
10:45:00,1.037,1.161,1.153,1.149,1.145,1.074,1.134,1.228,1.251,1.241,1.256,1.21,1.149,1.276,1.257,1.267,1.254,1.191,1.159,1.24,1.242,1.276,1.276,1.248,1.178,1.21,1.239,1.277,1.248,1.264,1.179,1.229,1.247,1.265,1.271,1.265,1.15,1.222,1.228,1.276,1.248,1.194,1.079,1.198,1.192,1.236,1.23,1.19
11:00:00,1.061,1.192,1.183,1.186,1.172,1.096,1.163,1.264,1.284,1.277,1.291,1.241,1.18,1.307,1.288,1.298,1.288,1.224,1.192,1.273,1.275,1.31,1.307,1.279,1.211,1.246,1.273,1.308,1.28,1.297,1.213,1.263,1.282,1.297,1.303,1.3,1.18,1.258,1.264,1.309,1.284,1.227,1.107,1.23,1.224,1.27,1.264,1.223
11:15:00,1.088,1.221,1.214,1.218,1.206,1.127,1.193,1.297,1.316,1.309,1.323,1.273,1.212,1.335,1.319,1.328,1.319,1.256,1.224,1.302,1.31,1.341,1.338,1.315,1.244,1.277,1.301,1.34,1.31,1.331,1.246,1.293,1.309,1.326,1.332,1.33,1.211,1.291,1.297,1.341,1.316,1.263,1.138,1.266,1.261,1.303,1.302,1.253
11:30:00,1.113,1.256,1.252,1.248,1.241,1.144,1.229,1.326,1.345,1.34,1.353,1.305,1.247,1.363,1.347,1.356,1.349,1.282,1.259,1.33,1.339,1.372,1.365,1.344,1.274,1.305,1.329,1.356,1.339,1.361,1.276,1.323,1.339,1.352,1.364,1.358,1.246,1.321,1.327,1.371,1.346,1.297,1.168,1.298,1.295,1.339,1.331,1.286
11:45:00,1.142,1.285,1.285,1.284,1.272,1.174,1.26,1.353,1.373,1.37,1.381,1.334,1.278,1.387,1.373,1.383,1.378,1.309,1.289,1.359,1.365,1.395,1.388,1.373,1.3,1.333,1.353,1.384,1.366,1.389,1.305,1.352,1.366,1.373,1.388,1.386,1.276,1.35,1.356,1.399,1.374,1.321,1.198,1.329,1.325,1.365,1.36,1.321
12:00:00,1.169,1.314,1.31,1.316,1.305,1.211,1.29,1.381,1.398,1.398,1.407,1.361,1.303,1.407,1.396,1.406,1.402,1.336,1.314,1.382,1.384,1.415,1.412,1.4,1.328,1.356,1.373,1.402,1.391,1.414,1.335,1.377,1.391,1.396,1.407,1.413,1.303,1.377,1.384,1.424,1.4,1.353,1.229,1.356,1.355,1.389,1.385,1.352
12:15:00,1.208,1.345,1.336,1.345,1.337,1.232,1.317,1.403,1.418,1.421,1.428,1.389,1.33,1.42,1.413,1.423,1.424,1.355,1.341,1.401,1.39,1.425,1.431,1.424,1.349,1.377,1.392,1.414,1.41,1.437,1.357,1.393,1.405,1.411,1.428,1.43,1.333,1.4,1.408,1.444,1.423,1.375,1.267,1.384,1.379,1.414,1.412,1.385
12:30:00,1.237,1.37,1.363,1.371,1.362,1.267,1.344,1.42,1.431,1.44,1.444,1.41,1.356,1.428,1.421,1.437,1.438,1.369,1.363,1.41,1.398,1.436,1.444,1.442,1.372,1.395,1.406,1.421,1.419,1.454,1.375,1.407,1.418,1.421,1.441,1.451,1.357,1.419,1.426,1.458,1.441,1.401,1.3,1.405,1.404,1.432,1.432,1.411
12:45:00,1.272,1.395,1.394,1.393,1.389,1.282,1.366,1.432,1.442,1.452,1.454,1.426,1.373,1.432,1.429,1.444,1.445,1.385,1.381,1.419,1.408,1.434,1.444,1.457,1.385,1.405,1.412,1.423,1.425,1.464,1.399,1.418,1.423,1.423,1.445,1.46,1.378,1.431,1.439,1.466,1.451,1.42,1.329,1.426,1.427,1.446,1.448,1.444
13:00:00,1.305,1.412,1.41,1.414,1.413,1.316,1.387,1.438,1.445,1.459,1.462,1.442,1.391,1.433,1.432,1.445,1.446,1.398,1.403,1.421,1.411,1.428,1.446,1.465,1.399,1.411,1.417,1.429,1.429,1.475,1.414,1.423,1.427,1.423,1.449,1.474,1.394,1.44,1.445,1.47,1.459,1.433,1.355,1.444,1.442,1.456,1.458,1.466
13:15:00,1.347,1.435,1.432,1.432,1.434,1.349,1.404,1.443,1.448,1.462,1.463,1.456,1.395,1.433,1.427,1.443,1.45,1.402,1.411,1.426,1.418,1.428,1.443,1.473,1.408,1.412,1.418,1.431,1.429,1.479,1.423,1.425,1.425,1.422,1.441,1.48,1.406,1.446,1.448,1.472,1.462,1.444,1.381,1.455,1.453,1.467,1.467,1.491
13:30:00,1.371,1.442,1.44,1.446,1.448,1.372,1.423,1.443,1.443,1.46,1.464,1.463,1.411,1.422,1.425,1.441,1.448,1.403,1.418,1.419,1.413,1.428,1.445,1.474,1.417,1.41,1.415,1.427,1.425,1.483,1.429,1.423,1.431,1.422,1.438,1.479,1.418,1.446,1.447,1.468,1.461,1.448,1.407,1.464,1.46,1.474,1.478,1.509
13:45:00,1.402,1.456,1.457,1.456,1.466,1.406,1.43,1.444,1.44,1.453,1.463,1.471,1.416,1.42,1.419,1.435,1.443,1.404,1.428,1.412,1.405,1.418,1.433,1.478,1.419,1.407,1.41,1.419,1.418,1.481,1.434,1.416,1.425,1.416,1.432,1.479,1.429,1.445,1.444,1.46,1.459,1.454,1.44,1.471,1.467,1.478,1.481,1.518
14:00:00,1.426,1.462,1.462,1.464,1.474,1.436,1.441,1.442,1.433,1.449,1.457,1.477,1.422,1.406,1.407,1.426,1.433,1.405,1.431,1.397,1.4,1.407,1.429,1.475,1.421,1.399,1.401,1.407,1.409,1.482,1.434,1.414,1.414,1.409,1.424,1.48,1.434,1.441,1.436,1.453,1.452,1.458,1.464,1.477,1.474,1.484,1.484,1.537
14:15:00,1.458,1.471,1.471,1.47,1.482,1.448,1.444,1.435,1.421,1.441,1.452,1.478,1.424,1.395,1.387,1.414,1.424,1.403,1.43,1.39,1.384,1.389,1.41,1.472,1.428,1.392,1.387,1.395,1.398,1.478,1.442,1.403,1.403,1.396,1.415,1.476,1.439,1.435,1.427,1.441,1.443,1.454,1.475,1.482,1.473,1.486,1.485,1.541
14:30:00,1.472,1.474,1.469,1.472,1.488,1.456,1.452,1.427,1.41,1.43,1.442,1.474,1.432,1.385,1.38,1.4,1.417,1.395,1.437,1.378,1.37,1.381,1.402,1.47,1.429,1.378,1.377,1.382,1.382,1.474,1.444,1.39,1.391,1.384,1.404,1.472,1.444,1.425,1.417,1.431,1.434,1.455,1.486,1.484,1.476,1.48,1.483,1.545
14:45:00,1.498,1.48,1.474,1.473,1.492,1.492,1.453,1.417,1.403,1.421,1.435,1.478,1.432,1.377,1.364,1.392,1.401,1.398,1.433,1.365,1.358,1.37,1.389,1.463,1.423,1.367,1.365,1.374,1.375,1.467,1.444,1.381,1.378,1.375,1.395,1.467,1.447,1.416,1.407,1.421,1.424,1.459,1.514,1.486,1.475,1.475,1.482,1.551
15:00:00,1.509,1.481,1.479,1.486,1.499,1.518,1.454,1.409,1.394,1.411,1.423,1.476,1.429,1.367,1.353,1.381,1.395,1.393,1.433,1.357,1.352,1.363,1.381,1.452,1.425,1.358,1.355,1.363,1.368,1.464,1.443,1.373,1.37,1.366,1.387,1.46,1.446,1.406,1.397,1.413,1.413,1.452,1.52,1.483,1.473,1.474,1.48,1.558
15:15:00,1.512,1.488,1.482,1.482,1.494,1.517,1.464,1.4,1.384,1.401,1.417,1.476,1.429,1.361,1.35,1.374,1.387,1.39,1.432,1.351,1.343,1.355,1.376,1.448,1.421,1.352,1.348,1.358,1.358,1.456,1.438,1.366,1.36,1.357,1.378,1.455,1.453,1.398,1.385,1.407,1.406,1.449,1.522,1.48,1.469,1.471,1.475,1.556
15:30:00,1.533,1.488,1.483,1.481,1.498,1.538,1.46,1.395,1.382,1.397,1.409,1.467,1.428,1.356,1.348,1.367,1.381,1.384,1.43,1.347,1.34,1.351,1.373,1.438,1.425,1.344,1.346,1.356,1.354,1.449,1.436,1.359,1.355,1.353,1.372,1.452,1.444,1.39,1.379,1.401,1.398,1.445,1.536,1.48,1.465,1.464,1.469,1.564
15:45:00,1.539,1.488,1.485,1.484,1.506,1.563,1.465,1.39,1.378,1.391,1.406,1.471,1.424,1.348,1.341,1.361,1.37,1.38,1.426,1.345,1.33,1.351,1.368,1.436,1.418,1.341,1.34,1.353,1.351,1.443,1.433,1.353,1.349,1.347,1.367,1.44,1.444,1.384,1.375,1.397,1.394,1.442,1.537,1.476,1.461,1.46,1.469,1.565
16:00:00,1.548,1.486,1.485,1.484,1.504,1.567,1.464,1.385,1.373,1.386,1.4,1.467,1.422,1.35,1.337,1.354,1.368,1.376,1.431,1.339,1.328,1.348,1.365,1.433,1.414,1.334,1.338,1.351,1.346,1.437,1.429,1.349,1.345,1.342,1.365,1.44,1.444,1.381,1.372,1.393,1.388,1.438,1.546,1.477,1.458,1.461,1.467,1.564
16:15:00,1.565,1.494,1.478,1.485,1.508,1.573,1.46,1.382,1.371,1.384,1.396,1.458,1.419,1.346,1.336,1.353,1.366,1.376,1.425,1.336,1.328,1.352,1.363,1.429,1.413,1.327,1.336,1.35,1.342,1.432,1.426,1.342,1.342,1.346,1.362,1.43,1.442,1.376,1.368,1.39,1.385,1.429,1.552,1.473,1.454,1.459,1.462,1.572
16:30:00,1.586,1.49,1.481,1.481,1.503,1.593,1.462,1.379,1.367,1.383,1.393,1.464,1.417,1.346,1.331,1.352,1.362,1.368,1.417,1.334,1.325,1.349,1.359,1.426,1.409,1.329,1.337,1.344,1.344,1.432,1.423,1.339,1.343,1.343,1.353,1.429,1.437,1.375,1.364,1.388,1.382,1.429,1.552,1.476,1.455,1.456,1.461,1.582
16:45:00,1.584,1.484,1.481,1.483,1.503,1.612,1.459,1.373,1.365,1.376,1.39,1.457,1.413,1.342,1.329,1.349,1.363,1.367,1.418,1.329,1.32,1.349,1.359,1.425,1.407,1.325,1.335,1.341,1.336,1.428,1.422,1.333,1.342,1.336,1.352,1.424,1.434,1.373,1.361,1.383,1.379,1.426,1.564,1.472,1.451,1.454,1.457,1.581
17:00:00,1.595,1.489,1.478,1.482,1.504,1.6,1.457,1.371,1.363,1.373,1.39,1.455,1.412,1.338,1.324,1.347,1.36,1.368,1.417,1.328,1.321,1.349,1.358,1.421,1.405,1.326,1.336,1.336,1.335,1.422,1.417,1.335,1.34,1.335,1.351,1.422,1.434,1.369,1.356,1.378,1.375,1.424,1.573,1.47,1.447,1.454,1.458,1.577
17:15:00,1.598,1.488,1.473,1.478,1.502,1.613,1.457,1.369,1.361,1.373,1.388,1.452,1.411,1.335,1.321,1.345,1.355,1.367,1.408,1.329,1.317,1.346,1.355,1.42,1.398,1.325,1.331,1.336,1.33,1.422,1.415,1.331,1.341,1.335,1.345,1.427,1.431,1.365,1.356,1.376,1.372,1.421,1.582,1.473,1.446,1.45,1.455,1.579
17:30:00,1.61,1.489,1.473,1.477,1.504,1.585,1.45,1.369,1.361,1.376,1.387,1.448,1.404,1.334,1.324,1.344,1.358,1.363,1.411,1.327,1.315,1.347,1.356,1.416,1.4,1.316,1.331,1.335,1.331,1.42,1.415,1.333,1.341,1.332,1.352,1.421,1.428,1.365,1.355,1.376,1.369,1.415,1.589,1.472,1.446,1.451,1.452,1.575
17:45:00,1.621,1.485,1.464,1.474,1.501,1.619,1.452,1.368,1.361,1.375,1.389,1.448,1.401,1.337,1.318,1.345,1.356,1.354,1.408,1.325,1.316,1.347,1.353,1.412,1.399,1.318,1.328,1.334,1.333,1.425,1.412,1.333,1.34,1.334,1.349,1.421,1.423,1.363,1.351,1.373,1.369,1.416,1.581,1.473,1.445,1.449,1.452,1.576
18:00:00,1.626,1.488,1.471,1.477,1.5,1.626,1.448,1.368,1.361,1.371,1.384,1.448,1.406,1.337,1.316,1.344,1.356,1.356,1.408,1.319,1.319,1.347,1.352,1.415,1.396,1.316,1.329,1.334,1.333,1.421,1.409,1.331,1.339,1.334,1.352,1.418,1.423,1.359,1.349,1.374,1.369,1.416,1.605,1.463,1.445,1.447,1.452,1.568
18:15:00,1.629,1.485,1.469,1.471,1.499,1.628,1.446,1.37,1.363,1.374,1.382,1.446,1.4,1.336,1.32,1.344,1.356,1.353,1.41,1.325,1.318,1.346,1.35,1.411,1.397,1.315,1.327,1.335,1.337,1.417,1.407,1.334,1.339,1.333,1.352,1.415,1.423,1.36,1.35,1.375,1.366,1.412,1.614,1.466,1.442,1.444,1.449,1.56
18:30:00,1.626,1.481,1.466,1.473,1.5,1.645,1.446,1.373,1.364,1.376,1.385,1.439,1.4,1.336,1.318,1.343,1.353,1.347,1.408,1.326,1.317,1.345,1.355,1.41,1.393,1.315,1.331,1.335,1.337,1.409,1.406,1.333,1.337,1.333,1.355,1.412,1.423,1.358,1.348,1.378,1.369,1.407,1.612,1.466,1.442,1.446,1.449,1.552
18:45:00,1.643,1.475,1.469,1.468,1.497,1.642,1.443,1.373,1.366,1.377,1.378,1.441,1.399,1.338,1.324,1.34,1.352,1.345,1.403,1.325,1.317,1.344,1.354,1.404,1.392,1.317,1.326,1.338,1.339,1.412,1.404,1.335,1.336,1.33,1.354,1.41,1.418,1.358,1.344,1.377,1.365,1.405,1.627,1.465,1.441,1.446,1.449,1.539
19:00:00,1.629,1.484,1.464,1.472,1.498,1.637,1.439,1.375,1.368,1.378,1.377,1.433,1.397,1.338,1.327,1.338,1.355,1.346,1.4,1.326,1.313,1.342,1.355,1.404,1.389,1.318,1.323,1.332,1.339,1.411,1.406,1.335,1.335,1.332,1.36,1.407,1.418,1.355,1.348,1.376,1.368,1.403,1.615,1.46,1.44,1.442,1.448,1.529
19:15:00,1.644,1.485,1.469,1.47,1.494,1.669,1.435,1.377,1.369,1.378,1.376,1.431,1.39,1.336,1.322,1.341,1.35,1.345,1.398,1.323,1.314,1.342,1.355,1.401,1.387,1.317,1.326,1.334,1.338,1.406,1.397,1.334,1.332,1.327,1.359,1.409,1.415,1.355,1.345,1.375,1.37,1.4,1.629,1.459,1.44,1.443,1.446,1.531
19:30:00,1.637,1.48,1.465,1.466,1.499,1.677,1.431,1.373,1.375,1.38,1.374,1.428,1.389,1.338,1.315,1.339,1.351,1.341,1.395,1.324,1.313,1.341,1.352,1.397,1.383,1.316,1.324,1.332,1.335,1.399,1.395,1.334,1.332,1.326,1.359,1.407,1.409,1.354,1.345,1.373,1.37,1.398,1.622,1.46,1.438,1.44,1.443,1.518
19:45:00,1.647,1.482,1.458,1.469,1.497,1.675,1.433,1.376,1.379,1.383,1.372,1.422,1.391,1.339,1.308,1.337,1.354,1.34,1.394,1.324,1.313,1.34,1.353,1.396,1.385,1.315,1.319,1.332,1.337,1.402,1.391,1.333,1.331,1.324,1.359,1.405,1.409,1.353,1.345,1.375,1.368,1.396,1.626,1.46,1.435,1.439,1.448,1.506
20:00:00,1.656,1.483,1.461,1.47,1.5,1.648,1.432,1.381,1.381,1.386,1.374,1.419,1.388,1.341,1.304,1.336,1.353,1.334,1.393,1.323,1.313,1.338,1.352,1.395,1.379,1.316,1.319,1.329,1.335,1.401,1.392,1.331,1.329,1.321,1.358,1.403,1.407,1.352,1.346,1.373,1.369,1.388,1.64,1.457,1.435,1.438,1.444,1.508
20:15:00,1.662,1.483,1.454,1.467,1.5,1.637,1.432,1.384,1.379,1.386,1.369,1.417,1.385,1.342,1.305,1.336,1.354,1.334,1.395,1.323,1.311,1.337,1.352,1.393,1.379,1.316,1.316,1.33,1.337,1.4,1.387,1.334,1.331,1.317,1.357,1.401,1.408,1.351,1.345,1.377,1.37,1.39,1.64,1.455,1.434,1.439,1.45,1.518
20:30:00,1.656,1.479,1.452,1.46,1.503,1.669,1.43,1.387,1.377,1.386,1.372,1.417,1.382,1.342,1.306,1.336,1.354,1.332,1.391,1.323,1.31,1.336,1.353,1.389,1.375,1.314,1.317,1.329,1.335,1.399,1.388,1.332,1.329,1.316,1.358,1.399,1.403,1.351,1.344,1.374,1.369,1.388,1.635,1.456,1.431,1.433,1.448,1.509
20:45:00,1.664,1.483,1.454,1.469,1.502,1.677,1.432,1.387,1.373,1.392,1.367,1.416,1.382,1.343,1.304,1.337,1.355,1.33,1.388,1.321,1.311,1.336,1.353,1.389,1.383,1.315,1.316,1.329,1.334,1.399,1.386,1.333,1.329,1.315,1.359,1.396,1.395,1.349,1.346,1.378,1.371,1.393,1.644,1.452,1.435,1.435,1.444,1.503
21:00:00,1.67,1.482,1.46,1.461,1.506,1.655,1.431,1.393,1.371,1.395,1.367,1.416,1.384,1.344,1.305,1.338,1.352,1.329,1.39,1.323,1.308,1.334,1.352,1.385,1.38,1.315,1.317,1.329,1.337,1.398,1.388,1.333,1.327,1.313,1.361,1.398,1.401,1.35,1.348,1.379,1.37,1.392,1.624,1.452,1.431,1.436,1.446,1.498
21:15:00,1.678,1.478,1.453,1.469,1.499,1.649,1.432,1.395,1.369,1.395,1.366,1.405,1.385,1.346,1.307,1.333,1.352,1.321,1.388,1.321,1.306,1.335,1.352,1.382,1.377,1.313,1.315,1.33,1.337,1.395,1.385,1.332,1.327,1.312,1.362,1.396,1.395,1.349,1.346,1.379,1.371,1.389,1.631,1.453,1.431,1.437,1.447,1.496
21:30:00,1.686,1.471,1.452,1.472,1.501,1.616,1.425,1.397,1.368,1.398,1.365,1.407,1.385,1.345,1.312,1.337,1.353,1.326,1.393,1.322,1.306,1.336,1.354,1.388,1.376,1.314,1.316,1.33,1.336,1.397,1.386,1.331,1.327,1.312,1.365,1.396,1.397,1.349,1.348,1.38,1.372,1.387,1.629,1.451,1.435,1.437,1.44,1.492
21:45:00,1.681,1.47,1.454,1.468,1.499,1.672,1.422,1.399,1.368,1.4,1.367,1.406,1.385,1.345,1.315,1.336,1.353,1.328,1.393,1.321,1.305,1.336,1.352,1.386,1.378,1.313,1.317,1.329,1.337,1.396,1.385,1.333,1.327,1.311,1.366,1.395,1.395,1.35,1.349,1.38,1.373,1.389,1.628,1.45,1.432,1.435,1.441,1.496
22:00:00,1.669,1.468,1.456,1.461,1.502,1.62,1.42,1.401,1.367,1.403,1.365,1.406,1.38,1.345,1.318,1.336,1.353,1.329,1.387,1.321,1.304,1.335,1.354,1.387,1.379,1.313,1.317,1.328,1.337,1.398,1.384,1.331,1.328,1.313,1.369,1.389,1.39,1.35,1.347,1.383,1.373,1.387,1.628,1.445,1.432,1.437,1.442,1.496
22:15:00,1.68,1.464,1.453,1.466,1.501,1.651,1.417,1.404,1.367,1.403,1.368,1.403,1.384,1.346,1.317,1.335,1.355,1.328,1.386,1.321,1.304,1.335,1.352,1.391,1.381,1.314,1.317,1.328,1.336,1.395,1.388,1.335,1.327,1.314,1.371,1.394,1.395,1.351,1.349,1.384,1.374,1.388,1.625,1.447,1.433,1.436,1.443,1.498
22:30:00,1.673,1.47,1.456,1.467,1.504,1.603,1.419,1.406,1.369,1.411,1.365,1.407,1.382,1.347,1.322,1.337,1.355,1.327,1.387,1.321,1.306,1.335,1.353,1.388,1.382,1.314,1.319,1.328,1.337,1.396,1.385,1.333,1.325,1.313,1.374,1.396,1.394,1.349,1.351,1.383,1.376,1.39,1.609,1.449,1.433,1.436,1.444,1.495
22:45:00,1.685,1.465,1.458,1.46,1.505,1.595,1.418,1.408,1.369,1.412,1.369,1.409,1.38,1.347,1.326,1.335,1.355,1.325,1.389,1.322,1.304,1.335,1.355,1.39,1.378,1.315,1.318,1.329,1.339,1.396,1.383,1.335,1.328,1.316,1.376,1.395,1.394,1.35,1.352,1.387,1.376,1.39,1.587,1.449,1.436,1.441,1.445,1.492
23:00:00,1.683,1.464,1.462,1.464,1.501,1.591,1.419,1.409,1.371,1.413,1.364,1.407,1.384,1.348,1.329,1.338,1.356,1.326,1.389,1.321,1.305,1.335,1.356,1.384,1.381,1.315,1.319,1.329,1.338,1.397,1.384,1.335,1.328,1.318,1.379,1.397,1.392,1.351,1.351,1.387,1.379,1.392,1.604,1.45,1.434,1.441,1.445,1.49
23:15:00,1.672,1.468,1.456,1.458,1.504,1.59,1.422,1.409,1.37,1.419,1.37,1.407,1.381,1.349,1.331,1.335,1.357,1.327,1.395,1.322,1.304,1.336,1.356,1.389,1.379,1.316,1.32,1.328,1.339,1.396,1.385,1.335,1.331,1.32,1.38,1.397,1.393,1.351,1.354,1.39,1.379,1.391,1.609,1.452,1.435,1.437,1.446,1.484
23:30:00,1.702,1.477,1.459,1.464,1.508,1.565,1.417,1.414,1.371,1.415,1.37,1.402,1.377,1.351,1.335,1.341,1.359,1.326,1.393,1.323,1.306,1.337,1.357,1.39,1.381,1.317,1.319,1.329,1.341,1.398,1.387,1.336,1.332,1.324,1.384,1.396,1.391,1.353,1.357,1.393,1.382,1.392,1.594,1.452,1.437,1.441,1.448,1.481
23:45:00,1.68,1.469,1.455,1.463,1.502,1.55,1.419,1.416,1.374,1.416,1.368,1.402,1.381,1.352,1.339,1.339,1.361,1.326,1.395,1.324,1.305,1.338,1.358,1.389,1.383,1.318,1.322,1.331,1.342,1.401,1.388,1.338,1.333,1.325,1.386,1.398,1.395,1.353,1.359,1.396,1.384,1.394,1.589,1.454,1.44,1.447,1.451,1.479
24:00:00,1.675,1.474,1.462,1.465,1.5,1.543,1.414,1.421,1.375,1.418,1.374,1.404,1.384,1.354,1.342,1.341,1.362,1.325,1.397,1.325,1.307,1.34,1.36,1.391,1.382,1.319,1.323,1.332,1.344,1.401,1.385,1.339,1.335,1.329,1.389,1.4,1.395,1.353,1.362,1.4,1.386,1.397,1.578,1.455,1.442,1.446,1.451,1.483
24:15:00,1.675,1.473,1.464,1.464,1.504,1.546,1.416,1.421,1.378,1.419,1.371,1.407,1.39,1.357,1.346,1.342,1.364,1.323,1.398,1.327,1.308,1.342,1.361,1.39,1.384,1.32,1.324,1.333,1.345,1.402,1.387,1.341,1.336,1.329,1.393,1.401,1.395,1.356,1.365,1.403,1.388,1.396,1.59,1.457,1.439,1.446,1.452,1.48
24:30:00,1.654,1.469,1.462,1.47,1.498,1.58,1.417,1.423,1.378,1.422,1.377,1.405,1.388,1.36,1.351,1.345,1.367,1.327,1.401,1.327,1.307,1.344,1.364,1.392,1.385,1.321,1.326,1.334,1.348,1.405,1.39,1.343,1.339,1.334,1.398,1.402,1.394,1.355,1.367,1.406,1.391,1.394,1.589,1.459,1.438,1.45,1.452,1.484
24:45:00,1.621,1.467,1.456,1.466,1.507,1.572,1.419,1.428,1.379,1.425,1.372,1.404,1.39,1.363,1.355,1.345,1.368,1.327,1.404,1.33,1.307,1.346,1.365,1.393,1.387,1.325,1.328,1.336,1.35,1.407,1.395,1.345,1.343,1.337,1.404,1.405,1.396,1.36,1.37,1.409,1.393,1.397,1.59,1.461,1.443,1.45,1.455,1.479
25:00:00,1.649,1.468,1.455,1.463,1.504,1.571,1.419,1.433,1.382,1.427,1.378,1.403,1.387,1.365,1.361,1.351,1.37,1.327,1.403,1.332,1.308,1.348,1.367,1.395,1.381,1.326,1.329,1.337,1.353,1.407,1.397,1.348,1.345,1.341,1.406,1.406,1.396,1.358,1.372,1.414,1.396,1.398,1.583,1.462,1.446,1.45,1.458,1.481
25:15:00,1.629,1.468,1.458,1.468,1.506,1.604,1.414,1.436,1.385,1.43,1.379,1.403,1.392,1.368,1.365,1.352,1.372,1.33,1.405,1.334,1.308,1.351,1.37,1.396,1.391,1.328,1.332,1.338,1.355,1.411,1.398,1.349,1.347,1.346,1.405,1.41,1.398,1.363,1.378,1.417,1.4,1.4,1.589,1.462,1.449,1.452,1.46,1.474
25:30:00,1.556,1.464,1.458,1.47,1.505,1.572,1.422,1.437,1.388,1.432,1.384,1.399,1.395,1.372,1.366,1.353,1.375,1.329,1.405,1.337,1.31,1.353,1.372,1.397,1.389,1.331,1.333,1.341,1.358,1.411,1.395,1.352,1.35,1.349,1.405,1.41,1.399,1.364,1.38,1.421,1.402,1.399,1.595,1.461,1.449,1.455,1.461,1.474
25:45:00,1.594,1.472,1.467,1.466,1.504,1.569,1.423,1.443,1.391,1.437,1.382,1.404,1.394,1.376,1.37,1.358,1.377,1.325,1.406,1.338,1.315,1.356,1.375,1.399,1.393,1.333,1.335,1.345,1.361,1.413,1.399,1.355,1.355,1.354,1.406,1.413,1.398,1.366,1.384,1.425,1.406,1.399,1.592,1.465,1.454,1.46,1.466,1.475
26:00:00,1.605,1.473,1.46,1.469,1.51,1.555,1.426,1.444,1.395,1.439,1.389,1.406,1.391,1.379,1.372,1.359,1.379,1.331,1.409,1.34,1.32,1.359,1.378,1.403,1.395,1.335,1.339,1.347,1.364,1.412,1.402,1.358,1.355,1.358,1.407,1.412,1.402,1.369,1.387,1.429,1.408,1.402,1.591,1.466,1.456,1.464,1.464,1.474
26:15:00,1.573,1.469,1.462,1.469,1.514,1.554,1.425,1.447,1.398,1.443,1.385,1.405,1.396,1.382,1.373,1.364,1.383,1.332,1.408,1.343,1.319,1.363,1.383,1.405,1.395,1.339,1.34,1.352,1.367,1.418,1.403,1.361,1.36,1.363,1.416,1.417,1.403,1.372,1.389,1.433,1.412,1.406,1.591,1.467,1.46,1.463,1.468,1.471
26:30:00,1.583,1.471,1.465,1.472,1.511,1.568,1.426,1.451,1.402,1.448,1.391,1.407,1.4,1.386,1.375,1.366,1.386,1.333,1.412,1.346,1.323,1.366,1.386,1.406,1.399,1.341,1.343,1.358,1.37,1.422,1.405,1.363,1.364,1.369,1.418,1.42,1.403,1.373,1.395,1.438,1.415,1.407,1.593,1.469,1.463,1.466,1.469,1.469
26:45:00,1.559,1.478,1.461,1.471,1.515,1.547,1.427,1.457,1.404,1.45,1.392,1.412,1.401,1.389,1.378,1.371,1.391,1.337,1.415,1.351,1.327,1.37,1.39,1.408,1.4,1.345,1.348,1.363,1.373,1.419,1.405,1.367,1.367,1.371,1.424,1.423,1.403,1.378,1.4,1.442,1.419,1.405,1.604,1.476,1.465,1.467,1.472,1.474
27:00:00,1.553,1.478,1.461,1.475,1.504,1.533,1.426,1.459,1.408,1.456,1.395,1.409,1.404,1.395,1.382,1.375,1.393,1.337,1.416,1.354,1.331,1.373,1.394,1.411,1.401,1.347,1.351,1.367,1.378,1.425,1.408,1.372,1.373,1.377,1.429,1.422,1.407,1.378,1.403,1.447,1.423,1.407,1.604,1.475,1.468,1.471,1.474,1.471
27:15:00,1.542,1.481,1.466,1.477,1.511,1.529,1.423,1.459,1.411,1.458,1.4,1.408,1.406,1.4,1.386,1.379,1.399,1.335,1.419,1.357,1.334,1.378,1.396,1.414,1.405,1.352,1.355,1.37,1.382,1.425,1.411,1.375,1.377,1.383,1.433,1.424,1.409,1.383,1.408,1.452,1.427,1.406,1.605,1.475,1.473,1.474,1.476,1.468
27:30:00,1.561,1.48,1.463,1.482,1.502,1.528,1.43,1.464,1.417,1.463,1.405,1.411,1.406,1.404,1.389,1.384,1.401,1.343,1.423,1.361,1.338,1.382,1.401,1.416,1.405,1.355,1.358,1.373,1.386,1.428,1.412,1.378,1.382,1.386,1.438,1.424,1.409,1.384,1.412,1.456,1.43,1.412,1.61,1.478,1.475,1.477,1.478,1.468
27:45:00,1.558,1.483,1.466,1.481,1.505,1.541,1.429,1.47,1.422,1.467,1.405,1.414,1.409,1.409,1.395,1.385,1.405,1.339,1.423,1.365,1.342,1.386,1.403,1.42,1.407,1.361,1.362,1.376,1.389,1.43,1.415,1.382,1.386,1.393,1.443,1.428,1.409,1.388,1.417,1.461,1.434,1.413,1.609,1.481,1.478,1.479,1.479,1.469
28:00:00,1.565,1.48,1.466,1.486,1.509,1.526,1.429,1.473,1.425,1.472,1.413,1.412,1.411,1.413,1.399,1.391,1.409,1.345,1.427,1.368,1.347,1.39,1.408,1.422,1.412,1.365,1.365,1.38,1.393,1.433,1.415,1.388,1.39,1.397,1.447,1.43,1.411,1.391,1.42,1.467,1.438,1.412,1.609,1.483,1.479,1.482,1.482,1.472
28:15:00,1.552,1.488,1.467,1.486,1.508,1.537,1.431,1.476,1.429,1.475,1.407,1.412,1.414,1.42,1.404,1.395,1.414,1.343,1.429,1.373,1.349,1.393,1.412,1.425,1.413,1.37,1.369,1.384,1.397,1.433,1.419,1.391,1.394,1.402,1.452,1.431,1.415,1.394,1.424,1.472,1.442,1.416,1.612,1.483,1.482,1.483,1.482,1.472